§id§;§player_num§;§small_blind_amount§;§ante_amount§;§uuid§;§name§;§stack§;§position§;§position_name§;§card1§;§card2§;§hand_db_format§;§flop1§;§flop2§;§flop3§;§turn§;§river§;§final_stack§
§1§;§6§;§10§;§0§;§uuid-0§;§player0§;§2000§;§0§;§DEALER§;§H9§;§S4§;§94o§;§C9§;§CQ§;§DA§;§HJ§;§ST§;§10§
§1§;§6§;§10§;§0§;§uuid-1§;§player1§;§2000§;§1§;§SB§;§D3§;§SQ§;§3Qo§;§C9§;§CQ§;§DA§;§HJ§;§ST§;§1990§
§1§;§6§;§10§;§0§;§uuid-2§;§player2§;§2000§;§2§;§BB§;§C8§;§S7§;§87o§;§C9§;§CQ§;§DA§;§HJ§;§ST§;§130§
§1§;§6§;§10§;§0§;§uuid-3§;§player3§;§2000§;§3§;§UTG§;§C2§;§CJ§;§2Js§;§C9§;§CQ§;§DA§;§HJ§;§ST§;§10§
§1§;§6§;§10§;§0§;§uuid-4§;§player4§;§2000§;§4§;§MIDDLE§;§HT§;§S9§;§T9o§;§C9§;§CQ§;§DA§;§HJ§;§ST§;§7860§
§1§;§6§;§10§;§0§;§uuid-5§;§player5§;§2000§;§5§;§TAIL§;§D5§;§S6§;§56o§;§C9§;§CQ§;§DA§;§HJ§;§ST§;§2000§
§2§;§6§;§10§;§0§;§uuid-1§;§player1§;§1990§;§0§;§DEALER§;§DK§;§S4§;§K4o§;§C9§;§H4§;§S8§;§D6§;§ST§;§0§
§2§;§6§;§10§;§0§;§uuid-2§;§player2§;§130§;§1§;§SB§;§C2§;§HJ§;§2Jo§;§C9§;§H4§;§S8§;§D6§;§ST§;§120§
§2§;§6§;§10§;§0§;§uuid-3§;§player3§;§2010§;§2§;§BB§;§DT§;§SJ§;§TJo§;§C9§;§H4§;§S8§;§D6§;§ST§;§10030§
§2§;§6§;§10§;§0§;§uuid-4§;§player4§;§7860§;§3§;§UTG§;§CT§;§S5§;§T5o§;§C9§;§H4§;§S8§;§D6§;§ST§;§11700§
§2§;§6§;§10§;§0§;§uuid-5§;§player5§;§2000§;§4§;§MIDDLE§;§C5§;§D5§;§55o§;§C9§;§H4§;§S8§;§D6§;§ST§;§0§
§2§;§6§;§10§;§0§;§uuid-0§;§player0§;§10010§;§5§;§TAIL§;§CQ§;§D9§;§Q9o§;§C9§;§H4§;§S8§;§D6§;§ST§;§2150§
§3§;§6§;§10§;§0§;§uuid-2§;§player2§;§120§;§0§;§DEALER§;§D8§;§DT§;§8Ts§;§CJ§;§DQ§;§S7§;§SA§;§H3§;§120§
§3§;§6§;§10§;§0§;§uuid-3§;§player3§;§10030§;§1§;§SB§;§S2§;§SK§;§2Ks§;§CJ§;§DQ§;§S7§;§SA§;§H3§;§10020§
§3§;§6§;§10§;§0§;§uuid-4§;§player4§;§11700§;§2§;§BB§;§C3§;§C4§;§34s§;§CJ§;§DQ§;§S7§;§SA§;§H3§;§16900§
§3§;§6§;§10§;§0§;§uuid-5§;§player5§;§2000§;§3§;§UTG§;§H6§;§SJ§;§6Jo§;§CJ§;§DQ§;§S7§;§SA§;§H3§;§0§
§3§;§6§;§10§;§0§;§uuid-0§;§player0§;§2150§;§4§;§MIDDLE§;§C8§;§HQ§;§8Qo§;§CJ§;§DQ§;§S7§;§SA§;§H3§;§8460§
§3§;§6§;§10§;§0§;§uuid-1§;§player1§;§14000§;§5§;§TAIL§;§CA§;§CK§;§AKs§;§CJ§;§DQ§;§S7§;§SA§;§H3§;§4500§
§4§;§6§;§10§;§0§;§uuid-3§;§player3§;§10020§;§0§;§DEALER§;§D9§;§DK§;§9Ks§;§C3§;§DJ§;§H9§;§C6§;§S3§;§10020§
§4§;§6§;§10§;§0§;§uuid-4§;§player4§;§16900§;§1§;§SB§;§C9§;§H8§;§98o§;§C3§;§DJ§;§H9§;§C6§;§S3§;§35880§
§4§;§6§;§10§;§0§;§uuid-5§;§player5§;§18000§;§2§;§BB§;§DT§;§H7§;§T7o§;§C3§;§DJ§;§H9§;§C6§;§S3§;§5980§
§4§;§6§;§10§;§0§;§uuid-0§;§player0§;§8460§;§3§;§UTG§;§CA§;§DQ§;§AQo§;§C3§;§DJ§;§H9§;§C6§;§S3§;§1620§
§4§;§6§;§10§;§0§;§uuid-1§;§player1§;§4500§;§4§;§MIDDLE§;§C2§;§H5§;§25o§;§C3§;§DJ§;§H9§;§C6§;§S3§;§4500§
§4§;§6§;§10§;§0§;§uuid-2§;§player2§;§120§;§5§;§TAIL§;§CQ§;§HA§;§QAo§;§C3§;§DJ§;§H9§;§C6§;§S3§;§0§
§5§;§6§;§10§;§0§;§uuid-4§;§player4§;§35880§;§0§;§DEALER§;§CA§;§S3§;§A3o§;§C8§;§DQ§;§H8§;§C9§;§D3§;§32660§
§5§;§6§;§10§;§0§;§uuid-5§;§player5§;§5980§;§1§;§SB§;§HJ§;§S6§;§J6o§;§C8§;§DQ§;§H8§;§C9§;§D3§;§5970§
§5§;§6§;§10§;§0§;§uuid-0§;§player0§;§1620§;§2§;§BB§;§HT§;§ST§;§TTo§;§C8§;§DQ§;§H8§;§C9§;§D3§;§1600§
§5§;§6§;§10§;§0§;§uuid-1§;§player1§;§4500§;§3§;§UTG§;§DT§;§SK§;§TKo§;§C8§;§DQ§;§H8§;§C9§;§D3§;§0§
§5§;§6§;§10§;§0§;§uuid-2§;§player2§;§4000§;§4§;§MIDDLE§;§D8§;§H7§;§87o§;§C8§;§DQ§;§H8§;§C9§;§D3§;§16030§
§5§;§6§;§10§;§0§;§uuid-3§;§player3§;§10020§;§5§;§TAIL§;§D9§;§HA§;§9Ao§;§C8§;§DQ§;§H8§;§C9§;§D3§;§5740§
§6§;§6§;§10§;§0§;§uuid-5§;§player5§;§5970§;§0§;§DEALER§;§DJ§;§H6§;§J6o§;§C9§;§CQ§;§H9§;§DA§;§C5§;§0§
§6§;§6§;§10§;§0§;§uuid-0§;§player0§;§1600§;§1§;§SB§;§H2§;§S2§;§22o§;§C9§;§CQ§;§H9§;§DA§;§C5§;§0§
§6§;§6§;§10§;§0§;§uuid-1§;§player1§;§6000§;§2§;§BB§;§D5§;§HA§;§5Ao§;§C9§;§CQ§;§H9§;§DA§;§C5§;§29170§
§6§;§6§;§10§;§0§;§uuid-2§;§player2§;§16030§;§3§;§UTG§;§H5§;§S3§;§53o§;§C9§;§CQ§;§H9§;§DA§;§C5§;§20060§
§6§;§6§;§10§;§0§;§uuid-3§;§player3§;§5740§;§4§;§MIDDLE§;§CA§;§S5§;§A5o§;§C9§;§CQ§;§H9§;§DA§;§C5§;§2140§
§6§;§6§;§10§;§0§;§uuid-4§;§player4§;§32660§;§5§;§TAIL§;§D3§;§S4§;§34o§;§C9§;§CQ§;§H9§;§DA§;§C5§;§16630§
§7§;§6§;§10§;§0§;§uuid-0§;§player0§;§16000§;§0§;§DEALER§;§CT§;§H4§;§T4o§;§DQ§;§SJ§;§SK§;§D6§;§C3§;§6240§
§7§;§6§;§10§;§0§;§uuid-1§;§player1§;§29170§;§1§;§SB§;§C5§;§H6§;§56o§;§DQ§;§SJ§;§SK§;§D6§;§C3§;§75080§
§7§;§6§;§10§;§0§;§uuid-2§;§player2§;§20060§;§2§;§BB§;§C7§;§D7§;§77o§;§DQ§;§SJ§;§SK§;§D6§;§C3§;§1770§
§7§;§6§;§10§;§0§;§uuid-3§;§player3§;§2140§;§3§;§UTG§;§D8§;§HQ§;§8Qo§;§DQ§;§SJ§;§SK§;§D6§;§C3§;§910§
§7§;§6§;§10§;§0§;§uuid-4§;§player4§;§16630§;§4§;§MIDDLE§;§D3§;§SA§;§3Ao§;§DQ§;§SJ§;§SK§;§D6§;§C3§;§0§
§7§;§6§;§10§;§0§;§uuid-5§;§player5§;§16000§;§5§;§TAIL§;§DT§;§H5§;§T5o§;§DQ§;§SJ§;§SK§;§D6§;§C3§;§16000§
§8§;§6§;§10§;§0§;§uuid-1§;§player1§;§75080§;§0§;§DEALER§;§HA§;§S6§;§A6o§;§C2§;§CT§;§D4§;§SQ§;§H2§;§88830§
§8§;§6§;§10§;§0§;§uuid-2§;§player2§;§1770§;§1§;§SB§;§CJ§;§S5§;§J5o§;§C2§;§CT§;§D4§;§SQ§;§H2§;§0§
§8§;§6§;§10§;§0§;§uuid-3§;§player3§;§910§;§2§;§BB§;§C8§;§HT§;§8To§;§C2§;§CT§;§D4§;§SQ§;§H2§;§890§
§8§;§6§;§10§;§0§;§uuid-4§;§player4§;§20000§;§3§;§UTG§;§C6§;§H6§;§66o§;§C2§;§CT§;§D4§;§SQ§;§H2§;§17600§
§8§;§6§;§10§;§0§;§uuid-5§;§player5§;§16000§;§4§;§MIDDLE§;§H3§;§H4§;§34s§;§C2§;§CT§;§D4§;§SQ§;§H2§;§11220§
§8§;§6§;§10§;§0§;§uuid-0§;§player0§;§6240§;§5§;§TAIL§;§C7§;§H5§;§75o§;§C2§;§CT§;§D4§;§SQ§;§H2§;§1460§
§9§;§6§;§10§;§0§;§uuid-2§;§player2§;§10000§;§0§;§DEALER§;§HT§;§SJ§;§TJo§;§D2§;§D3§;§S7§;§DA§;§H6§;§0§
§9§;§6§;§10§;§0§;§uuid-3§;§player3§;§890§;§1§;§SB§;§D4§;§S2§;§42o§;§D2§;§D3§;§S7§;§DA§;§H6§;§0§
§9§;§6§;§10§;§0§;§uuid-4§;§player4§;§17600§;§2§;§BB§;§S6§;§ST§;§6Ts§;§D2§;§D3§;§S7§;§DA§;§H6§;§17580§
§9§;§6§;§10§;§0§;§uuid-5§;§player5§;§11220§;§3§;§UTG§;§C7§;§SQ§;§7Qo§;§D2§;§D3§;§S7§;§DA§;§H6§;§750§
§9§;§6§;§10§;§0§;§uuid-0§;§player0§;§1460§;§4§;§MIDDLE§;§CJ§;§DJ§;§JJo§;§D2§;§D3§;§S7§;§DA§;§H6§;§1460§
§9§;§6§;§10§;§0§;§uuid-1§;§player1§;§88830§;§5§;§TAIL§;§C5§;§D6§;§56o§;§D2§;§D3§;§S7§;§DA§;§H6§;§110210§
§10§;§6§;§10§;§0§;§uuid-3§;§player3§;§2000§;§0§;§DEALER§;§H8§;§S5§;§85o§;§DQ§;§S9§;§ST§;§S6§;§DA§;§0§
§10§;§6§;§10§;§0§;§uuid-4§;§player4§;§17580§;§1§;§SB§;§H9§;§S8§;§98o§;§DQ§;§S9§;§ST§;§S6§;§DA§;§17570§
§10§;§6§;§10§;§0§;§uuid-5§;§player5§;§750§;§2§;§BB§;§D2§;§D7§;§27s§;§DQ§;§S9§;§ST§;§S6§;§DA§;§730§
§10§;§6§;§10§;§0§;§uuid-0§;§player0§;§1460§;§3§;§UTG§;§CK§;§D4§;§K4o§;§DQ§;§S9§;§ST§;§S6§;§DA§;§1400§
§10§;§6§;§10§;§0§;§uuid-1§;§player1§;§110210§;§4§;§MIDDLE§;§C3§;§C9§;§39s§;§DQ§;§S9§;§ST§;§S6§;§DA§;§112300§
§10§;§6§;§10§;§0§;§uuid-2§;§player2§;§10000§;§5§;§TAIL§;§C6§;§C7§;§67s§;§DQ§;§S9§;§ST§;§S6§;§DA§;§10000§
§11§;§6§;§10§;§0§;§uuid-4§;§player4§;§17570§;§0§;§DEALER§;§H3§;§HJ§;§3Js§;§C8§;§D4§;§H9§;§H6§;§HT§;§17570§
§11§;§6§;§10§;§0§;§uuid-5§;§player5§;§730§;§1§;§SB§;§C3§;§CK§;§3Ks§;§C8§;§D4§;§H9§;§H6§;§HT§;§0§
§11§;§6§;§10§;§0§;§uuid-0§;§player0§;§1400§;§2§;§BB§;§H5§;§S5§;§55o§;§C8§;§D4§;§H9§;§H6§;§HT§;§0§
§11§;§6§;§10§;§0§;§uuid-1§;§player1§;§112300§;§3§;§UTG§;§CA§;§H7§;§A7o§;§C8§;§D4§;§H9§;§H6§;§HT§;§114430§
§11§;§6§;§10§;§0§;§uuid-2§;§player2§;§10000§;§4§;§MIDDLE§;§C7§;§SJ§;§7Jo§;§C8§;§D4§;§H9§;§H6§;§HT§;§10000§
§11§;§6§;§10§;§0§;§uuid-3§;§player3§;§18000§;§5§;§TAIL§;§D7§;§DQ§;§7Qs§;§C8§;§D4§;§H9§;§H6§;§HT§;§18000§
§12§;§6§;§10§;§0§;§uuid-5§;§player5§;§6000§;§0§;§DEALER§;§CJ§;§HT§;§JTo§;§CT§;§D4§;§D6§;§S2§;§DQ§;§36000§
§12§;§6§;§10§;§0§;§uuid-0§;§player0§;§8000§;§1§;§SB§;§C8§;§S6§;§86o§;§CT§;§D4§;§D6§;§S2§;§DQ§;§0§
§12§;§6§;§10§;§0§;§uuid-1§;§player1§;§114430§;§2§;§BB§;§C6§;§HA§;§6Ao§;§CT§;§D4§;§D6§;§S2§;§DQ§;§96430§
§12§;§6§;§10§;§0§;§uuid-2§;§player2§;§10000§;§3§;§UTG§;§DT§;§H8§;§T8o§;§CT§;§D4§;§D6§;§S2§;§DQ§;§0§
§12§;§6§;§10§;§0§;§uuid-3§;§player3§;§18000§;§4§;§MIDDLE§;§C9§;§ST§;§9To§;§CT§;§D4§;§D6§;§S2§;§DQ§;§41570§
§12§;§6§;§10§;§0§;§uuid-4§;§player4§;§17570§;§5§;§TAIL§;§DA§;§H7§;§A7o§;§CT§;§D4§;§D6§;§S2§;§DQ§;§0§
§13§;§6§;§10§;§0§;§uuid-0§;§player0§;§16000§;§0§;§DEALER§;§HQ§;§SA§;§QAo§;§C9§;§CA§;§D5§;§DK§;§D6§;§48020§
§13§;§6§;§10§;§0§;§uuid-1§;§player1§;§96430§;§1§;§SB§;§H6§;§S3§;§63o§;§C9§;§CA§;§D5§;§DK§;§D6§;§103700§
§13§;§6§;§10§;§0§;§uuid-2§;§player2§;§2000§;§2§;§BB§;§S8§;§SK§;§8Ks§;§C9§;§CA§;§D5§;§DK§;§D6§;§1980§
§13§;§6§;§10§;§0§;§uuid-3§;§player3§;§41570§;§3§;§UTG§;§DJ§;§SQ§;§JQo§;§C9§;§CA§;§D5§;§DK§;§D6§;§2300§
§13§;§6§;§10§;§0§;§uuid-4§;§player4§;§10000§;§4§;§MIDDLE§;§H9§;§S9§;§99o§;§C9§;§CA§;§D5§;§DK§;§D6§;§10000§
§13§;§6§;§10§;§0§;§uuid-5§;§player5§;§36000§;§5§;§TAIL§;§CT§;§D7§;§T7o§;§C9§;§CA§;§D5§;§DK§;§D6§;§36000§
§14§;§6§;§10§;§0§;§uuid-1§;§player1§;§103700§;§0§;§DEALER§;§C9§;§H4§;§94o§;§C2§;§C3§;§SA§;§D6§;§C6§;§60310§
§14§;§6§;§10§;§0§;§uuid-2§;§player2§;§1980§;§1§;§SB§;§H9§;§S4§;§94o§;§C2§;§C3§;§SA§;§D6§;§C6§;§0§
§14§;§6§;§10§;§0§;§uuid-3§;§player3§;§2300§;§2§;§BB§;§CJ§;§CT§;§JTs§;§C2§;§C3§;§SA§;§D6§;§C6§;§2280§
§14§;§6§;§10§;§0§;§uuid-4§;§player4§;§10000§;§3§;§UTG§;§D4§;§H3§;§43o§;§C2§;§C3§;§SA§;§D6§;§C6§;§8590§
§14§;§6§;§10§;§0§;§uuid-5§;§player5§;§36000§;§4§;§MIDDLE§;§D8§;§ST§;§8To§;§C2§;§C3§;§SA§;§D6§;§C6§;§111410§
§14§;§6§;§10§;§0§;§uuid-0§;§player0§;§48020§;§5§;§TAIL§;§D5§;§HT§;§5To§;§C2§;§C3§;§SA§;§D6§;§C6§;§19410§
§15§;§6§;§10§;§0§;§uuid-2§;§player2§;§6000§;§0§;§DEALER§;§CJ§;§HQ§;§JQo§;§C6§;§D6§;§DQ§;§C9§;§SA§;§6000§
§15§;§6§;§10§;§0§;§uuid-3§;§player3§;§2280§;§1§;§SB§;§C4§;§S7§;§47o§;§C6§;§D6§;§DQ§;§C9§;§SA§;§2270§
§15§;§6§;§10§;§0§;§uuid-4§;§player4§;§8590§;§2§;§BB§;§CQ§;§S2§;§Q2o§;§C6§;§D6§;§DQ§;§C9§;§SA§;§25780§
§15§;§6§;§10§;§0§;§uuid-5§;§player5§;§111410§;§3§;§UTG§;§CK§;§D4§;§K4o§;§C6§;§D6§;§DQ§;§C9§;§SA§;§51100§
§15§;§6§;§10§;§0§;§uuid-0§;§player0§;§19410§;§4§;§MIDDLE§;§H9§;§HT§;§9Ts§;§C6§;§D6§;§DQ§;§C9§;§SA§;§19410§
§15§;§6§;§10§;§0§;§uuid-1§;§player1§;§60310§;§5§;§TAIL§;§SJ§;§SK§;§JKs§;§C6§;§D6§;§DQ§;§C9§;§SA§;§103440§
§16§;§6§;§10§;§0§;§uuid-3§;§player3§;§2270§;§0§;§DEALER§;§D6§;§ST§;§6To§;§CQ§;§H3§;§SA§;§DJ§;§C4§;§0§
§16§;§6§;§10§;§0§;§uuid-4§;§player4§;§25780§;§1§;§SB§;§C8§;§S4§;§84o§;§CQ§;§H3§;§SA§;§DJ§;§C4§;§12740§
§16§;§6§;§10§;§0§;§uuid-5§;§player5§;§51100§;§2§;§BB§;§D9§;§DT§;§9Ts§;§CQ§;§H3§;§SA§;§DJ§;§C4§;§51080§
§16§;§6§;§10§;§0§;§uuid-0§;§player0§;§19410§;§3§;§UTG§;§CJ§;§CK§;§JKs§;§CQ§;§H3§;§SA§;§DJ§;§C4§;§66520§
§16§;§6§;§10§;§0§;§uuid-1§;§player1§;§103440§;§4§;§MIDDLE§;§C5§;§SK§;§5Ko§;§CQ§;§H3§;§SA§;§DJ§;§C4§;§77660§
§16§;§6§;§10§;§0§;§uuid-2§;§player2§;§6000§;§5§;§TAIL§;§HJ§;§S5§;§J5o§;§CQ§;§H3§;§SA§;§DJ§;§C4§;§0§
§17§;§6§;§10§;§0§;§uuid-4§;§player4§;§12740§;§0§;§DEALER§;§C2§;§H9§;§29o§;§D8§;§S6§;§ST§;§SQ§;§D3§;§12740§
§17§;§6§;§10§;§0§;§uuid-5§;§player5§;§51080§;§1§;§SB§;§CA§;§H5§;§A5o§;§D8§;§S6§;§ST§;§SQ§;§D3§;§51070§
§17§;§6§;§10§;§0§;§uuid-0§;§player0§;§66520§;§2§;§BB§;§DT§;§HT§;§TTo§;§D8§;§S6§;§ST§;§SQ§;§D3§;§97040§
§17§;§6§;§10§;§0§;§uuid-1§;§player1§;§77660§;§3§;§UTG§;§C8§;§DJ§;§8Jo§;§D8§;§S6§;§ST§;§SQ§;§D3§;§11140§
§17§;§6§;§10§;§0§;§uuid-2§;§player2§;§18000§;§4§;§MIDDLE§;§C9§;§SJ§;§9Jo§;§D8§;§S6§;§ST§;§SQ§;§D3§;§54010§
§17§;§6§;§10§;§0§;§uuid-3§;§player3§;§8000§;§5§;§TAIL§;§C7§;§D7§;§77o§;§D8§;§S6§;§ST§;§SQ§;§D3§;§8000§
§18§;§6§;§10§;§0§;§uuid-5§;§player5§;§51070§;§0§;§DEALER§;§D9§;§HQ§;§9Qo§;§C5§;§C9§;§D5§;§S6§;§C4§;§51070§
§18§;§6§;§10§;§0§;§uuid-0§;§player0§;§97040§;§1§;§SB§;§S4§;§S7§;§47s§;§C5§;§C9§;§D5§;§S6§;§C4§;§97030§
§18§;§6§;§10§;§0§;§uuid-1§;§player1§;§11140§;§2§;§BB§;§DA§;§S8§;§A8o§;§C5§;§C9§;§D5§;§S6§;§C4§;§0§
§18§;§6§;§10§;§0§;§uuid-2§;§player2§;§54010§;§3§;§UTG§;§D7§;§H7§;§77o§;§C5§;§C9§;§D5§;§S6§;§C4§;§65160§
§18§;§6§;§10§;§0§;§uuid-3§;§player3§;§8000§;§4§;§MIDDLE§;§CJ§;§SJ§;§JJo§;§C5§;§C9§;§D5§;§S6§;§C4§;§8000§
§18§;§6§;§10§;§0§;§uuid-4§;§player4§;§12740§;§5§;§TAIL§;§HJ§;§S2§;§J2o§;§C5§;§C9§;§D5§;§S6§;§C4§;§12740§
§19§;§6§;§10§;§0§;§uuid-0§;§player0§;§97030§;§0§;§DEALER§;§S9§;§SK§;§9Ks§;§DJ§;§DT§;§ST§;§D8§;§HK§;§45960§
§19§;§6§;§10§;§0§;§uuid-1§;§player1§;§14000§;§1§;§SB§;§CK§;§D4§;§K4o§;§DJ§;§DT§;§ST§;§D8§;§HK§;§0§
§19§;§6§;§10§;§0§;§uuid-2§;§player2§;§65160§;§2§;§BB§;§D7§;§H9§;§79o§;§DJ§;§DT§;§ST§;§D8§;§HK§;§65140§
§19§;§6§;§10§;§0§;§uuid-3§;§player3§;§8000§;§3§;§UTG§;§CT§;§HT§;§TTo§;§DJ§;§DT§;§ST§;§D8§;§HK§;§40020§
§19§;§6§;§10§;§0§;§uuid-4§;§player4§;§12740§;§4§;§MIDDLE§;§C6§;§C8§;§68s§;§DJ§;§DT§;§ST§;§D8§;§HK§;§340§
§19§;§6§;§10§;§0§;§uuid-5§;§player5§;§51070§;§5§;§TAIL§;§D3§;§D6§;§36s§;§DJ§;§DT§;§ST§;§D8§;§HK§;§96540§
§20§;§6§;§10§;§0§;§uuid-1§;§player1§;§20000§;§0§;§DEALER§;§CA§;§SJ§;§AJo§;§D4§;§S8§;§S9§;§CT§;§DK§;§0§
§20§;§6§;§10§;§0§;§uuid-2§;§player2§;§65140§;§1§;§SB§;§C3§;§ST§;§3To§;§D4§;§S8§;§S9§;§CT§;§DK§;§150540§
§20§;§6§;§10§;§0§;§uuid-3§;§player3§;§40020§;§2§;§BB§;§D9§;§SK§;§9Ko§;§D4§;§S8§;§S9§;§CT§;§DK§;§40000§
§20§;§6§;§10§;§0§;§uuid-4§;§player4§;§340§;§3§;§UTG§;§C7§;§SQ§;§7Qo§;§D4§;§S8§;§S9§;§CT§;§DK§;§100§
§20§;§6§;§10§;§0§;§uuid-5§;§player5§;§96540§;§4§;§MIDDLE§;§DA§;§S4§;§A4o§;§D4§;§S8§;§S9§;§CT§;§DK§;§31400§
§20§;§6§;§10§;§0§;§uuid-0§;§player0§;§45960§;§5§;§TAIL§;§D2§;§HQ§;§2Qo§;§D4§;§S8§;§S9§;§CT§;§DK§;§45960§
§21§;§6§;§10§;§0§;§uuid-2§;§player2§;§150540§;§0§;§DEALER§;§C5§;§H4§;§54o§;§CJ§;§D4§;§DJ§;§DA§;§D2§;§150540§
§21§;§6§;§10§;§0§;§uuid-3§;§player3§;§40000§;§1§;§SB§;§D7§;§H7§;§77o§;§CJ§;§D4§;§DJ§;§DA§;§D2§;§9940§
§21§;§6§;§10§;§0§;§uuid-4§;§player4§;§100§;§2§;§BB§;§H3§;§S2§;§32o§;§CJ§;§D4§;§DJ§;§DA§;§D2§;§0§
§21§;§6§;§10§;§0§;§uuid-5§;§player5§;§31400§;§3§;§UTG§;§CK§;§S4§;§K4o§;§CJ§;§D4§;§DJ§;§DA§;§D2§;§1340§
§21§;§6§;§10§;§0§;§uuid-0§;§player0§;§45960§;§4§;§MIDDLE§;§H2§;§SQ§;§2Qo§;§CJ§;§D4§;§DJ§;§DA§;§D2§;§106180§
§21§;§6§;§10§;§0§;§uuid-1§;§player1§;§14000§;§5§;§TAIL§;§C6§;§C9§;§69s§;§CJ§;§D4§;§DJ§;§DA§;§D2§;§14000§
§22§;§6§;§10§;§0§;§uuid-3§;§player3§;§9940§;§0§;§DEALER§;§D3§;§DK§;§3Ks§;§D8§;§S6§;§S9§;§SK§;§HQ§;§9940§
§22§;§6§;§10§;§0§;§uuid-4§;§player4§;§2000§;§1§;§SB§;§C7§;§D9§;§79o§;§D8§;§S6§;§S9§;§SK§;§HQ§;§1990§
§22§;§6§;§10§;§0§;§uuid-5§;§player5§;§1340§;§2§;§BB§;§D4§;§HK§;§4Ko§;§D8§;§S6§;§S9§;§SK§;§HQ§;§0§
§22§;§6§;§10§;§0§;§uuid-0§;§player0§;§106180§;§3§;§UTG§;§H3§;§H9§;§39s§;§D8§;§S6§;§S9§;§SK§;§HQ§;§92180§
§22§;§6§;§10§;§0§;§uuid-1§;§player1§;§14000§;§4§;§MIDDLE§;§CA§;§CK§;§AKs§;§D8§;§S6§;§S9§;§SK§;§HQ§;§29350§
§22§;§6§;§10§;§0§;§uuid-2§;§player2§;§150540§;§5§;§TAIL§;§S7§;§S8§;§78s§;§D8§;§S6§;§S9§;§SK§;§HQ§;§150540§
§23§;§6§;§10§;§0§;§uuid-4§;§player4§;§1990§;§0§;§DEALER§;§CQ§;§SK§;§QKo§;§C4§;§D2§;§SJ§;§C7§;§C3§;§1990§
§23§;§6§;§10§;§0§;§uuid-5§;§player5§;§20000§;§1§;§SB§;§D5§;§SQ§;§5Qo§;§C4§;§D2§;§SJ§;§C7§;§C3§;§0§
§23§;§6§;§10§;§0§;§uuid-0§;§player0§;§92180§;§2§;§BB§;§D7§;§S6§;§76o§;§C4§;§D2§;§SJ§;§C7§;§C3§;§185580§
§23§;§6§;§10§;§0§;§uuid-1§;§player1§;§29350§;§3§;§UTG§;§DK§;§S4§;§K4o§;§C4§;§D2§;§SJ§;§C7§;§C3§;§27550§
§23§;§6§;§10§;§0§;§uuid-2§;§player2§;§150540§;§4§;§MIDDLE§;§CK§;§ST§;§KTo§;§C4§;§D2§;§SJ§;§C7§;§C3§;§78940§
§23§;§6§;§10§;§0§;§uuid-3§;§player3§;§9940§;§5§;§TAIL§;§H5§;§H9§;§59s§;§C4§;§D2§;§SJ§;§C7§;§C3§;§9940§
§24§;§6§;§10§;§0§;§uuid-5§;§player5§;§14000§;§0§;§DEALER§;§DT§;§S8§;§T8o§;§C3§;§D2§;§SK§;§HQ§;§ST§;§14000§
§24§;§6§;§10§;§0§;§uuid-0§;§player0§;§185580§;§1§;§SB§;§CK§;§H2§;§K2o§;§C3§;§D2§;§SK§;§HQ§;§ST§;§302010§
§24§;§6§;§10§;§0§;§uuid-1§;§player1§;§27550§;§2§;§BB§;§C2§;§CT§;§2Ts§;§C3§;§D2§;§SK§;§HQ§;§ST§;§0§
§24§;§6§;§10§;§0§;§uuid-2§;§player2§;§78940§;§3§;§UTG§;§S2§;§SJ§;§2Js§;§C3§;§D2§;§SK§;§HQ§;§ST§;§0§
§24§;§6§;§10§;§0§;§uuid-3§;§player3§;§9940§;§4§;§MIDDLE§;§D5§;§DQ§;§5Qs§;§C3§;§D2§;§SK§;§HQ§;§ST§;§0§
§24§;§6§;§10§;§0§;§uuid-4§;§player4§;§1990§;§5§;§TAIL§;§C8§;§D7§;§87o§;§C3§;§D2§;§SK§;§HQ§;§ST§;§1990§
§25§;§6§;§10§;§0§;§uuid-0§;§player0§;§302010§;§0§;§DEALER§;§HQ§;§S9§;§Q9o§;§CK§;§DT§;§H2§;§S8§;§S5§;§302610§
§25§;§6§;§10§;§0§;§uuid-1§;§player1§;§16000§;§1§;§SB§;§D9§;§DJ§;§9Js§;§CK§;§DT§;§H2§;§S8§;§S5§;§15990§
§25§;§6§;§10§;§0§;§uuid-2§;§player2§;§14000§;§2§;§BB§;§D4§;§D5§;§45s§;§CK§;§DT§;§H2§;§S8§;§S5§;§13980§
§25§;§6§;§10§;§0§;§uuid-3§;§player3§;§6000§;§3§;§UTG§;§H5§;§H9§;§59s§;§CK§;§DT§;§H2§;§S8§;§S5§;§20020§
§25§;§6§;§10§;§0§;§uuid-4§;§player4§;§1990§;§4§;§MIDDLE§;§S6§;§SA§;§6As§;§CK§;§DT§;§H2§;§S8§;§S5§;§0§
§25§;§6§;§10§;§0§;§uuid-5§;§player5§;§14000§;§5§;§TAIL§;§CT§;§H6§;§T6o§;§CK§;§DT§;§H2§;§S8§;§S5§;§1400§
§26§;§6§;§10§;§0§;§uuid-1§;§player1§;§15990§;§0§;§DEALER§;§H7§;§S2§;§72o§;§C2§;§D5§;§DA§;§D4§;§C7§;§15990§
§26§;§6§;§10§;§0§;§uuid-2§;§player2§;§13980§;§1§;§SB§;§C3§;§SA§;§3Ao§;§C2§;§D5§;§DA§;§D4§;§C7§;§44900§
§26§;§6§;§10§;§0§;§uuid-3§;§player3§;§20020§;§2§;§BB§;§CJ§;§H8§;§J8o§;§C2§;§D5§;§DA§;§D4§;§C7§;§0§
§26§;§6§;§10§;§0§;§uuid-4§;§player4§;§2000§;§3§;§UTG§;§SK§;§ST§;§KTs§;§C2§;§D5§;§DA§;§D4§;§C7§;§0§
§26§;§6§;§10§;§0§;§uuid-5§;§player5§;§1400§;§4§;§MIDDLE§;§DJ§;§H2§;§J2o§;§C2§;§D5§;§DA§;§D4§;§C7§;§440§
§26§;§6§;§10§;§0§;§uuid-0§;§player0§;§302610§;§5§;§TAIL§;§C6§;§S7§;§67o§;§C2§;§D5§;§DA§;§D4§;§C7§;§294670§
§27§;§6§;§10§;§0§;§uuid-2§;§player2§;§44900§;§0§;§DEALER§;§CQ§;§HQ§;§QQo§;§D7§;§HJ§;§S2§;§S3§;§DK§;§95800§
§27§;§6§;§10§;§0§;§uuid-3§;§player3§;§4000§;§1§;§SB§;§H7§;§HK§;§7Ks§;§D7§;§HJ§;§S2§;§S3§;§DK§;§16270§
§27§;§6§;§10§;§0§;§uuid-4§;§player4§;§18000§;§2§;§BB§;§D3§;§D4§;§34s§;§D7§;§HJ§;§S2§;§S3§;§DK§;§0§
§27§;§6§;§10§;§0§;§uuid-5§;§player5§;§440§;§3§;§UTG§;§C2§;§CK§;§2Ks§;§D7§;§HJ§;§S2§;§S3§;§DK§;§170§
§27§;§6§;§10§;§0§;§uuid-0§;§player0§;§294670§;§4§;§MIDDLE§;§C5§;§S9§;§59o§;§D7§;§HJ§;§S2§;§S3§;§DK§;§249770§
§27§;§6§;§10§;§0§;§uuid-1§;§player1§;§15990§;§5§;§TAIL§;§C7§;§H9§;§79o§;§D7§;§HJ§;§S2§;§S3§;§DK§;§15990§
§28§;§6§;§10§;§0§;§uuid-3§;§player3§;§16270§;§0§;§DEALER§;§S5§;§ST§;§5Ts§;§CA§;§H4§;§H6§;§D9§;§SJ§;§0§
§28§;§6§;§10§;§0§;§uuid-4§;§player4§;§2000§;§1§;§SB§;§S3§;§S6§;§36s§;§CA§;§H4§;§H6§;§D9§;§SJ§;§1990§
§28§;§6§;§10§;§0§;§uuid-5§;§player5§;§170§;§2§;§BB§;§D3§;§HJ§;§3Jo§;§CA§;§H4§;§H6§;§D9§;§SJ§;§0§
§28§;§6§;§10§;§0§;§uuid-0§;§player0§;§249770§;§3§;§UTG§;§CJ§;§H5§;§J5o§;§CA§;§H4§;§H6§;§D9§;§SJ§;§266220§
§28§;§6§;§10§;§0§;§uuid-1§;§player1§;§15990§;§4§;§MIDDLE§;§D6§;§SQ§;§6Qo§;§CA§;§H4§;§H6§;§D9§;§SJ§;§15990§
§28§;§6§;§10§;§0§;§uuid-2§;§player2§;§95800§;§5§;§TAIL§;§D8§;§H7§;§87o§;§CA§;§H4§;§H6§;§D9§;§SJ§;§95800§
§29§;§6§;§10§;§0§;§uuid-4§;§player4§;§1990§;§0§;§DEALER§;§CJ§;§D7§;§J7o§;§HQ§;§HT§;§S2§;§C6§;§CT§;§1990§
§29§;§6§;§10§;§0§;§uuid-5§;§player5§;§6000§;§1§;§SB§;§C9§;§DQ§;§9Qo§;§HQ§;§HT§;§S2§;§C6§;§CT§;§30000§
§29§;§6§;§10§;§0§;§uuid-0§;§player0§;§266220§;§2§;§BB§;§C8§;§S9§;§89o§;§HQ§;§HT§;§S2§;§C6§;§CT§;§170420§
§29§;§6§;§10§;§0§;§uuid-1§;§player1§;§15990§;§3§;§UTG§;§D3§;§D4§;§34s§;§HQ§;§HT§;§S2§;§C6§;§CT§;§0§
§29§;§6§;§10§;§0§;§uuid-2§;§player2§;§95800§;§4§;§MIDDLE§;§DA§;§H2§;§A2o§;§HQ§;§HT§;§S2§;§C6§;§CT§;§155600§
§29§;§6§;§10§;§0§;§uuid-3§;§player3§;§18000§;§5§;§TAIL§;§D5§;§S6§;§56o§;§HQ§;§HT§;§S2§;§C6§;§CT§;§45990§
§30§;§6§;§10§;§0§;§uuid-5§;§player5§;§30000§;§0§;§DEALER§;§HQ§;§SQ§;§QQo§;§H6§;§S2§;§ST§;§CA§;§S8§;§87980§
§30§;§6§;§10§;§0§;§uuid-0§;§player0§;§170420§;§1§;§SB§;§D2§;§SK§;§2Ko§;§H6§;§S2§;§ST§;§CA§;§S8§;§140420§
§30§;§6§;§10§;§0§;§uuid-1§;§player1§;§12000§;§2§;§BB§;§C8§;§CK§;§8Ks§;§H6§;§S2§;§ST§;§CA§;§S8§;§11980§
§30§;§6§;§10§;§0§;§uuid-2§;§player2§;§155600§;§3§;§UTG§;§C5§;§HJ§;§5Jo§;§H6§;§S2§;§ST§;§CA§;§S8§;§127640§
§30§;§6§;§10§;§0§;§uuid-3§;§player3§;§45990§;§4§;§MIDDLE§;§C3§;§DA§;§3Ao§;§H6§;§S2§;§ST§;§CA§;§S8§;§45990§
§30§;§6§;§10§;§0§;§uuid-4§;§player4§;§1990§;§5§;§TAIL§;§C9§;§HA§;§9Ao§;§H6§;§S2§;§ST§;§CA§;§S8§;§1990§
§31§;§6§;§10§;§0§;§uuid-0§;§player0§;§140420§;§0§;§DEALER§;§H9§;§S2§;§92o§;§C4§;§D4§;§DT§;§D9§;§HA§;§176080§
§31§;§6§;§10§;§0§;§uuid-1§;§player1§;§11980§;§1§;§SB§;§D3§;§DK§;§3Ks§;§C4§;§D4§;§DT§;§D9§;§HA§;§11970§
§31§;§6§;§10§;§0§;§uuid-2§;§player2§;§127640§;§2§;§BB§;§C3§;§C5§;§35s§;§C4§;§D4§;§DT§;§D9§;§HA§;§0§
§31§;§6§;§10§;§0§;§uuid-3§;§player3§;§45990§;§3§;§UTG§;§CT§;§H3§;§T3o§;§C4§;§D4§;§DT§;§D9§;§HA§;§172450§
§31§;§6§;§10§;§0§;§uuid-4§;§player4§;§1990§;§4§;§MIDDLE§;§C9§;§S3§;§93o§;§C4§;§D4§;§DT§;§D9§;§HA§;§1990§
§31§;§6§;§10§;§0§;§uuid-5§;§player5§;§87980§;§5§;§TAIL§;§C2§;§H7§;§27o§;§C4§;§D4§;§DT§;§D9§;§HA§;§53510§
§32§;§6§;§10§;§0§;§uuid-1§;§player1§;§11970§;§0§;§DEALER§;§DK§;§S3§;§K3o§;§DJ§;§H8§;§S5§;§ST§;§S9§;§11970§
§32§;§6§;§10§;§0§;§uuid-2§;§player2§;§10000§;§1§;§SB§;§C2§;§H3§;§23o§;§DJ§;§H8§;§S5§;§ST§;§S9§;§0§
§32§;§6§;§10§;§0§;§uuid-3§;§player3§;§172450§;§2§;§BB§;§H7§;§S7§;§77o§;§DJ§;§H8§;§S5§;§ST§;§S9§;§172430§
§32§;§6§;§10§;§0§;§uuid-4§;§player4§;§1990§;§3§;§UTG§;§D3§;§SQ§;§3Qo§;§DJ§;§H8§;§S5§;§ST§;§S9§;§7980§
§32§;§6§;§10§;§0§;§uuid-5§;§player5§;§53510§;§4§;§MIDDLE§;§H4§;§S8§;§48o§;§DJ§;§H8§;§S5§;§ST§;§S9§;§111050§
§32§;§6§;§10§;§0§;§uuid-0§;§player0§;§176080§;§5§;§TAIL§;§CA§;§HK§;§AKo§;§DJ§;§H8§;§S5§;§ST§;§S9§;§122570§
§33§;§6§;§10§;§0§;§uuid-2§;§player2§;§16000§;§0§;§DEALER§;§HQ§;§ST§;§QTo§;§C2§;§CJ§;§DT§;§H6§;§H5§;§75990§
§33§;§6§;§10§;§0§;§uuid-3§;§player3§;§172430§;§1§;§SB§;§CA§;§S6§;§A6o§;§C2§;§CJ§;§DT§;§H6§;§H5§;§306530§
§33§;§6§;§10§;§0§;§uuid-4§;§player4§;§7980§;§2§;§BB§;§H4§;§HK§;§4Ks§;§C2§;§CJ§;§DT§;§H6§;§H5§;§7960§
§33§;§6§;§10§;§0§;§uuid-5§;§player5§;§111050§;§3§;§UTG§;§D4§;§SK§;§4Ko§;§C2§;§CJ§;§DT§;§H6§;§H5§;§0§
§33§;§6§;§10§;§0§;§uuid-0§;§player0§;§122570§;§4§;§MIDDLE§;§DK§;§S3§;§K3o§;§C2§;§CJ§;§DT§;§H6§;§H5§;§51520§
§33§;§6§;§10§;§0§;§uuid-1§;§player1§;§11970§;§5§;§TAIL§;§C9§;§H7§;§97o§;§C2§;§CJ§;§DT§;§H6§;§H5§;§0§
§34§;§6§;§10§;§0§;§uuid-3§;§player3§;§306530§;§0§;§DEALER§;§C4§;§H7§;§47o§;§C7§;§D3§;§HK§;§HT§;§H3§;§404040§
§34§;§6§;§10§;§0§;§uuid-4§;§player4§;§7960§;§1§;§SB§;§H4§;§H9§;§49s§;§C7§;§D3§;§HK§;§HT§;§H3§;§7950§
§34§;§6§;§10§;§0§;§uuid-5§;§player5§;§10000§;§2§;§BB§;§C6§;§DK§;§6Ko§;§C7§;§D3§;§HK§;§HT§;§H3§;§40010§
§34§;§6§;§10§;§0§;§uuid-0§;§player0§;§51520§;§3§;§UTG§;§CJ§;§CQ§;§JQs§;§C7§;§D3§;§HK§;§HT§;§H3§;§0§
§34§;§6§;§10§;§0§;§uuid-1§;§player1§;§6000§;§4§;§MIDDLE§;§CT§;§D9§;§T9o§;§C7§;§D3§;§HK§;§HT§;§H3§;§6000§
§34§;§6§;§10§;§0§;§uuid-2§;§player2§;§75990§;§5§;§TAIL§;§CA§;§S2§;§A2o§;§C7§;§D3§;§HK§;§HT§;§H3§;§0§
§35§;§6§;§10§;§0§;§uuid-4§;§player4§;§7950§;§0§;§DEALER§;§D5§;§D6§;§56s§;§D8§;§D9§;§DK§;§HQ§;§S4§;§32390§
§35§;§6§;§10§;§0§;§uuid-5§;§player5§;§40010§;§1§;§SB§;§H2§;§S2§;§22o§;§D8§;§D9§;§DK§;§HQ§;§S4§;§0§
§35§;§6§;§10§;§0§;§uuid-0§;§player0§;§18000§;§2§;§BB§;§CT§;§HT§;§TTo§;§D8§;§D9§;§DK§;§HQ§;§S4§;§17980§
§35§;§6§;§10§;§0§;§uuid-1§;§player1§;§6000§;§3§;§UTG§;§C6§;§H4§;§64o§;§D8§;§D9§;§DK§;§HQ§;§S4§;§0§
§35§;§6§;§10§;§0§;§uuid-2§;§player2§;§20000§;§4§;§MIDDLE§;§C4§;§CQ§;§4Qs§;§D8§;§D9§;§DK§;§HQ§;§S4§;§17480§
§35§;§6§;§10§;§0§;§uuid-3§;§player3§;§404040§;§5§;§TAIL§;§DJ§;§HJ§;§JJo§;§D8§;§D9§;§DK§;§HQ§;§S4§;§428150§
§36§;§6§;§10§;§0§;§uuid-5§;§player5§;§8000§;§0§;§DEALER§;§D3§;§D8§;§38s§;§S6§;§S8§;§ST§;§D7§;§HJ§;§8000§
§36§;§6§;§10§;§0§;§uuid-0§;§player0§;§17980§;§1§;§SB§;§D5§;§DA§;§5As§;§S6§;§S8§;§ST§;§D7§;§HJ§;§17970§
§36§;§6§;§10§;§0§;§uuid-1§;§player1§;§6000§;§2§;§BB§;§C3§;§SQ§;§3Qo§;§S6§;§S8§;§ST§;§D7§;§HJ§;§5980§
§36§;§6§;§10§;§0§;§uuid-2§;§player2§;§17480§;§3§;§UTG§;§CJ§;§DK§;§JKo§;§S6§;§S8§;§ST§;§D7§;§HJ§;§16730§
§36§;§6§;§10§;§0§;§uuid-3§;§player3§;§428150§;§4§;§MIDDLE§;§C6§;§HT§;§6To§;§S6§;§S8§;§ST§;§D7§;§HJ§;§428930§
§36§;§6§;§10§;§0§;§uuid-4§;§player4§;§32390§;§5§;§TAIL§;§H3§;§HQ§;§3Qs§;§S6§;§S8§;§ST§;§D7§;§HJ§;§32390§
§37§;§6§;§10§;§0§;§uuid-0§;§player0§;§17970§;§0§;§DEALER§;§C2§;§HK§;§2Ko§;§DA§;§H3§;§S3§;§CA§;§C9§;§17970§
§37§;§6§;§10§;§0§;§uuid-1§;§player1§;§5980§;§1§;§SB§;§H8§;§S4§;§84o§;§DA§;§H3§;§S3§;§CA§;§C9§;§5970§
§37§;§6§;§10§;§0§;§uuid-2§;§player2§;§16730§;§2§;§BB§;§HJ§;§S8§;§J8o§;§DA§;§H3§;§S3§;§CA§;§C9§;§16710§
§37§;§6§;§10§;§0§;§uuid-3§;§player3§;§428930§;§3§;§UTG§;§CJ§;§S7§;§J7o§;§DA§;§H3§;§S3§;§CA§;§C9§;§428960§
§37§;§6§;§10§;§0§;§uuid-4§;§player4§;§32390§;§4§;§MIDDLE§;§C5§;§CK§;§5Ks§;§DA§;§H3§;§S3§;§CA§;§C9§;§32390§
§37§;§6§;§10§;§0§;§uuid-5§;§player5§;§8000§;§5§;§TAIL§;§CQ§;§S5§;§Q5o§;§DA§;§H3§;§S3§;§CA§;§C9§;§8000§
§38§;§6§;§10§;§0§;§uuid-1§;§player1§;§5970§;§0§;§DEALER§;§H2§;§H6§;§26s§;§H8§;§HJ§;§SJ§;§S7§;§D6§;§5970§
§38§;§6§;§10§;§0§;§uuid-2§;§player2§;§16710§;§1§;§SB§;§H3§;§HQ§;§3Qs§;§H8§;§HJ§;§SJ§;§S7§;§D6§;§8270§
§38§;§6§;§10§;§0§;§uuid-3§;§player3§;§428960§;§2§;§BB§;§C6§;§D5§;§65o§;§H8§;§HJ§;§SJ§;§S7§;§D6§;§491990§
§38§;§6§;§10§;§0§;§uuid-4§;§player4§;§32390§;§3§;§UTG§;§HA§;§S3§;§A3o§;§H8§;§HJ§;§SJ§;§S7§;§D6§;§0§
§38§;§6§;§10§;§0§;§uuid-5§;§player5§;§8000§;§4§;§MIDDLE§;§S2§;§S4§;§24s§;§H8§;§HJ§;§SJ§;§S7§;§D6§;§3770§
§38§;§6§;§10§;§0§;§uuid-0§;§player0§;§17970§;§5§;§TAIL§;§CQ§;§D9§;§Q9o§;§H8§;§HJ§;§SJ§;§S7§;§D6§;§0§
§39§;§6§;§10§;§0§;§uuid-2§;§player2§;§8270§;§0§;§DEALER§;§S5§;§ST§;§5Ts§;§D2§;§H5§;§H9§;§HK§;§DQ§;§0§
§39§;§6§;§10§;§0§;§uuid-3§;§player3§;§491990§;§1§;§SB§;§HA§;§SQ§;§AQo§;§D2§;§H5§;§H9§;§HK§;§DQ§;§479990§
§39§;§6§;§10§;§0§;§uuid-4§;§player4§;§12000§;§2§;§BB§;§D4§;§H6§;§46o§;§D2§;§H5§;§H9§;§HK§;§DQ§;§11980§
§39§;§6§;§10§;§0§;§uuid-5§;§player5§;§3770§;§3§;§UTG§;§C6§;§DK§;§6Ko§;§D2§;§H5§;§H9§;§HK§;§DQ§;§15100§
§39§;§6§;§10§;§0§;§uuid-0§;§player0§;§12000§;§4§;§MIDDLE§;§C4§;§CK§;§4Ks§;§D2§;§H5§;§H9§;§HK§;§DQ§;§20960§
§39§;§6§;§10§;§0§;§uuid-1§;§player1§;§5970§;§5§;§TAIL§;§DA§;§S2§;§A2o§;§D2§;§H5§;§H9§;§HK§;§DQ§;§5970§
§40§;§6§;§10§;§0§;§uuid-3§;§player3§;§479990§;§0§;§DEALER§;§C8§;§D6§;§86o§;§S3§;§S5§;§ST§;§C3§;§HK§;§493040§
§40§;§6§;§10§;§0§;§uuid-4§;§player4§;§11980§;§1§;§SB§;§C7§;§D4§;§74o§;§S3§;§S5§;§ST§;§C3§;§HK§;§11970§
§40§;§6§;§10§;§0§;§uuid-5§;§player5§;§15100§;§2§;§BB§;§DK§;§SA§;§KAo§;§S3§;§S5§;§ST§;§C3§;§HK§;§15080§
§40§;§6§;§10§;§0§;§uuid-0§;§player0§;§20960§;§3§;§UTG§;§C6§;§D2§;§62o§;§S3§;§S5§;§ST§;§C3§;§HK§;§0§
§40§;§6§;§10§;§0§;§uuid-1§;§player1§;§5970§;§4§;§MIDDLE§;§H2§;§HT§;§2Ts§;§S3§;§S5§;§ST§;§C3§;§HK§;§23910§
§40§;§6§;§10§;§0§;§uuid-2§;§player2§;§10000§;§5§;§TAIL§;§D7§;§S6§;§76o§;§S3§;§S5§;§ST§;§C3§;§HK§;§0§
§41§;§6§;§10§;§0§;§uuid-4§;§player4§;§11970§;§0§;§DEALER§;§CK§;§S2§;§K2o§;§C2§;§DT§;§HJ§;§HT§;§D2§;§59860§
§41§;§6§;§10§;§0§;§uuid-5§;§player5§;§15080§;§1§;§SB§;§HA§;§S8§;§A8o§;§C2§;§DT§;§HJ§;§HT§;§D2§;§15070§
§41§;§6§;§10§;§0§;§uuid-0§;§player0§;§18000§;§2§;§BB§;§C6§;§D7§;§67o§;§C2§;§DT§;§HJ§;§HT§;§D2§;§0§
§41§;§6§;§10§;§0§;§uuid-1§;§player1§;§23910§;§3§;§UTG§;§H9§;§S3§;§93o§;§C2§;§DT§;§HJ§;§HT§;§D2§;§0§
§41§;§6§;§10§;§0§;§uuid-2§;§player2§;§18000§;§4§;§MIDDLE§;§C3§;§DJ§;§3Jo§;§C2§;§DT§;§HJ§;§HT§;§D2§;§24120§
§41§;§6§;§10§;§0§;§uuid-3§;§player3§;§493040§;§5§;§TAIL§;§D3§;§SK§;§3Ko§;§C2§;§DT§;§HJ§;§HT§;§D2§;§480950§
§42§;§6§;§10§;§0§;§uuid-5§;§player5§;§15070§;§0§;§DEALER§;§SJ§;§SQ§;§JQs§;§D5§;§H6§;§S4§;§D8§;§S7§;§15070§
§42§;§6§;§10§;§0§;§uuid-0§;§player0§;§10000§;§1§;§SB§;§D3§;§S3§;§33o§;§D5§;§H6§;§S4§;§D8§;§S7§;§9990§
§42§;§6§;§10§;§0§;§uuid-1§;§player1§;§18000§;§2§;§BB§;§H5§;§S8§;§58o§;§D5§;§H6§;§S4§;§D8§;§S7§;§17980§
§42§;§6§;§10§;§0§;§uuid-2§;§player2§;§24120§;§3§;§UTG§;§C5§;§DJ§;§5Jo§;§D5§;§H6§;§S4§;§D8§;§S7§;§0§
§42§;§6§;§10§;§0§;§uuid-3§;§player3§;§480950§;§4§;§MIDDLE§;§C2§;§SA§;§2Ao§;§D5§;§H6§;§S4§;§D8§;§S7§;§564960§
§42§;§6§;§10§;§0§;§uuid-4§;§player4§;§59860§;§5§;§TAIL§;§C4§;§HJ§;§4Jo§;§D5§;§H6§;§S4§;§D8§;§S7§;§0§
§43§;§6§;§10§;§0§;§uuid-0§;§player0§;§9990§;§0§;§DEALER§;§C8§;§DQ§;§8Qo§;§D6§;§DJ§;§H6§;§C2§;§S6§;§9990§
§43§;§6§;§10§;§0§;§uuid-1§;§player1§;§17980§;§1§;§SB§;§CK§;§S9§;§K9o§;§D6§;§DJ§;§H6§;§C2§;§S6§;§19960§
§43§;§6§;§10§;§0§;§uuid-2§;§player2§;§8000§;§2§;§BB§;§C7§;§SA§;§7Ao§;§D6§;§DJ§;§H6§;§C2§;§S6§;§24000§
§43§;§6§;§10§;§0§;§uuid-3§;§player3§;§564960§;§3§;§UTG§;§D9§;§S8§;§98o§;§D6§;§DJ§;§H6§;§C2§;§S6§;§546980§
§43§;§6§;§10§;§0§;§uuid-4§;§player4§;§12000§;§4§;§MIDDLE§;§CQ§;§DT§;§QTo§;§D6§;§DJ§;§H6§;§C2§;§S6§;§12000§
§43§;§6§;§10§;§0§;§uuid-5§;§player5§;§15070§;§5§;§TAIL§;§C6§;§D8§;§68o§;§D6§;§DJ§;§H6§;§C2§;§S6§;§15070§
§44§;§6§;§10§;§0§;§uuid-1§;§player1§;§19960§;§0§;§DEALER§;§CJ§;§SJ§;§JJo§;§CT§;§D7§;§HQ§;§DT§;§C5§;§19960§
§44§;§6§;§10§;§0§;§uuid-2§;§player2§;§24000§;§1§;§SB§;§C6§;§S6§;§66o§;§CT§;§D7§;§HQ§;§DT§;§C5§;§13890§
§44§;§6§;§10§;§0§;§uuid-3§;§player3§;§546980§;§2§;§BB§;§D6§;§S3§;§63o§;§CT§;§D7§;§HQ§;§DT§;§C5§;§531910§
§44§;§6§;§10§;§0§;§uuid-4§;§player4§;§12000§;§3§;§UTG§;§H9§;§SA§;§9Ao§;§CT§;§D7§;§HQ§;§DT§;§C5§;§1890§
§44§;§6§;§10§;§0§;§uuid-5§;§player5§;§15070§;§4§;§MIDDLE§;§D8§;§DA§;§8As§;§CT§;§D7§;§HQ§;§DT§;§C5§;§10400§
§44§;§6§;§10§;§0§;§uuid-0§;§player0§;§9990§;§5§;§TAIL§;§CK§;§CQ§;§KQs§;§CT§;§D7§;§HQ§;§DT§;§C5§;§49950§
§45§;§6§;§10§;§0§;§uuid-2§;§player2§;§13890§;§0§;§DEALER§;§SK§;§SQ§;§KQs§;§HA§;§HT§;§S7§;§DA§;§H2§;§0§
§45§;§6§;§10§;§0§;§uuid-3§;§player3§;§531910§;§1§;§SB§;§S3§;§S6§;§36s§;§HA§;§HT§;§S7§;§DA§;§H2§;§481960§
§45§;§6§;§10§;§0§;§uuid-4§;§player4§;§1890§;§2§;§BB§;§D3§;§H8§;§38o§;§HA§;§HT§;§S7§;§DA§;§H2§;§1870§
§45§;§6§;§10§;§0§;§uuid-5§;§player5§;§10400§;§3§;§UTG§;§C2§;§H3§;§23o§;§HA§;§HT§;§S7§;§DA§;§H2§;§9500§
§45§;§6§;§10§;§0§;§uuid-0§;§player0§;§49950§;§4§;§MIDDLE§;§D4§;§D7§;§47s§;§HA§;§HT§;§S7§;§DA§;§H2§;§59980§
§45§;§6§;§10§;§0§;§uuid-1§;§player1§;§19960§;§5§;§TAIL§;§C7§;§CQ§;§7Qs§;§HA§;§HT§;§S7§;§DA§;§H2§;§74690§
§46§;§6§;§10§;§0§;§uuid-3§;§player3§;§481960§;§0§;§DEALER§;§HK§;§ST§;§KTo§;§H4§;§HJ§;§S8§;§H8§;§S5§;§522300§
§46§;§6§;§10§;§0§;§uuid-4§;§player4§;§1870§;§1§;§SB§;§HQ§;§S2§;§Q2o§;§H4§;§HJ§;§S8§;§H8§;§S5§;§1860§
§46§;§6§;§10§;§0§;§uuid-5§;§player5§;§9500§;§2§;§BB§;§CA§;§D4§;§A4o§;§H4§;§HJ§;§S8§;§H8§;§S5§;§47510§
§46§;§6§;§10§;§0§;§uuid-0§;§player0§;§59980§;§3§;§UTG§;§C8§;§D6§;§86o§;§H4§;§HJ§;§S8§;§H8§;§S5§;§28810§
§46§;§6§;§10§;§0§;§uuid-1§;§player1§;§74690§;§4§;§MIDDLE§;§H6§;§S4§;§64o§;§H4§;§HJ§;§S8§;§H8§;§S5§;§43520§
§46§;§6§;§10§;§0§;§uuid-2§;§player2§;§16000§;§5§;§TAIL§;§D2§;§S3§;§23o§;§H4§;§HJ§;§S8§;§H8§;§S5§;§0§
§47§;§6§;§10§;§0§;§uuid-4§;§player4§;§1860§;§0§;§DEALER§;§C5§;§DA§;§5Ao§;§C9§;§D3§;§H7§;§S2§;§CT§;§1860§
§47§;§6§;§10§;§0§;§uuid-5§;§player5§;§47510§;§1§;§SB§;§CA§;§CK§;§AKs§;§C9§;§D3§;§H7§;§S2§;§CT§;§47500§
§47§;§6§;§10§;§0§;§uuid-0§;§player0§;§28810§;§2§;§BB§;§D9§;§DJ§;§9Js§;§C9§;§D3§;§H7§;§S2§;§CT§;§86440§
§47§;§6§;§10§;§0§;§uuid-1§;§player1§;§43520§;§3§;§UTG§;§C6§;§CJ§;§6Js§;§C9§;§D3§;§H7§;§S2§;§CT§;§0§
§47§;§6§;§10§;§0§;§uuid-2§;§player2§;§2000§;§4§;§MIDDLE§;§C3§;§HT§;§3To§;§C9§;§D3§;§H7§;§S2§;§CT§;§2000§
§47§;§6§;§10§;§0§;§uuid-3§;§player3§;§522300§;§5§;§TAIL§;§CQ§;§D4§;§Q4o§;§C9§;§D3§;§H7§;§S2§;§CT§;§508200§
§48§;§6§;§10§;§0§;§uuid-5§;§player5§;§47500§;§0§;§DEALER§;§CJ§;§CQ§;§JQs§;§C9§;§DQ§;§SQ§;§H5§;§H4§;§47500§
§48§;§6§;§10§;§0§;§uuid-0§;§player0§;§86440§;§1§;§SB§;§C4§;§DA§;§4Ao§;§C9§;§DQ§;§SQ§;§H5§;§H4§;§188880§
§48§;§6§;§10§;§0§;§uuid-1§;§player1§;§14000§;§2§;§BB§;§CA§;§H3§;§A3o§;§C9§;§DQ§;§SQ§;§H5§;§H4§;§0§
§48§;§6§;§10§;§0§;§uuid-2§;§player2§;§2000§;§3§;§UTG§;§D3§;§S4§;§34o§;§C9§;§DQ§;§SQ§;§H5§;§H4§;§0§
§48§;§6§;§10§;§0§;§uuid-3§;§player3§;§508200§;§4§;§MIDDLE§;§D2§;§SK§;§2Ko§;§C9§;§DQ§;§SQ§;§H5§;§H4§;§421760§
§48§;§6§;§10§;§0§;§uuid-4§;§player4§;§1860§;§5§;§TAIL§;§C2§;§HQ§;§2Qo§;§C9§;§DQ§;§SQ§;§H5§;§H4§;§1860§
§49§;§6§;§10§;§0§;§uuid-0§;§player0§;§188880§;§0§;§DEALER§;§D5§;§D7§;§57s§;§C8§;§C9§;§S5§;§C5§;§C2§;§188880§
§49§;§6§;§10§;§0§;§uuid-1§;§player1§;§4000§;§1§;§SB§;§C7§;§H9§;§79o§;§C8§;§C9§;§S5§;§C5§;§C2§;§0§
§49§;§6§;§10§;§0§;§uuid-2§;§player2§;§2000§;§2§;§BB§;§H4§;§S2§;§42o§;§C8§;§C9§;§S5§;§C5§;§C2§;§0§
§49§;§6§;§10§;§0§;§uuid-3§;§player3§;§421760§;§3§;§UTG§;§CQ§;§CT§;§QTs§;§C8§;§C9§;§S5§;§C5§;§C2§;§477120§
§49§;§6§;§10§;§0§;§uuid-4§;§player4§;§1860§;§4§;§MIDDLE§;§D4§;§SJ§;§4Jo§;§C8§;§C9§;§S5§;§C5§;§C2§;§0§
§49§;§6§;§10§;§0§;§uuid-5§;§player5§;§47500§;§5§;§TAIL§;§D3§;§SQ§;§3Qo§;§C8§;§C9§;§S5§;§C5§;§C2§;§0§
§50§;§6§;§10§;§0§;§uuid-1§;§player1§;§14000§;§0§;§DEALER§;§H4§;§S6§;§46o§;§CA§;§H5§;§H6§;§CJ§;§S7§;§0§
§50§;§6§;§10§;§0§;§uuid-2§;§player2§;§20000§;§1§;§SB§;§C4§;§SQ§;§4Qo§;§CA§;§H5§;§H6§;§CJ§;§S7§;§19990§
§50§;§6§;§10§;§0§;§uuid-3§;§player3§;§477120§;§2§;§BB§;§C5§;§S3§;§53o§;§CA§;§H5§;§H6§;§CJ§;§S7§;§288240§
§50§;§6§;§10§;§0§;§uuid-4§;§player4§;§6000§;§3§;§UTG§;§D3§;§H8§;§38o§;§CA§;§H5§;§H6§;§CJ§;§S7§;§1500§
§50§;§6§;§10§;§0§;§uuid-5§;§player5§;§8000§;§4§;§MIDDLE§;§D8§;§H3§;§83o§;§CA§;§H5§;§H6§;§CJ§;§S7§;§0§
§50§;§6§;§10§;§0§;§uuid-0§;§player0§;§188880§;§5§;§TAIL§;§DJ§;§DK§;§JKs§;§CA§;§H5§;§H6§;§CJ§;§S7§;§404270§
