§game_id§;§phase§;§nr§;§step§;§uuid§;§position§;§stack§;§stack_range§;§pot§;§pot_range§;§flop1§;§flop2§;§flop3§;§turn§;§river§;§action§;§amount§;§new_stack§;§new_stack_range§;§new_pot§;§new_pot_range§;§amount_potrate§
§1§;§preflop§;§0§;§0§;§uuid-1§;§1§;§2000§;§200-250§;§0§;§0-10§;;;;;;§SMALLBLIND§;§10§;§1990§;§190-200§;§10§;§0-10§;§-1§
§1§;§preflop§;§1§;§1§;§uuid-2§;§2§;§2000§;§200-250§;§10§;§0-10§;;;;;;§BIGBLIND§;§20§;§1980§;§190-200§;§30§;§0-10§;§-1§
§1§;§preflop§;§2§;§2§;§uuid-3§;§3§;§2000§;§200-250§;§30§;§0-10§;;;;;;§RAISE§;§1830§;§170§;§10-20§;§1860§;§180-190§;§4+§
§1§;§preflop§;§3§;§3§;§uuid-4§;§4§;§2000§;§200-250§;§1860§;§180-190§;;;;;;§CALL§;§1830§;§170§;§10-20§;§3690§;§350-400§;§0.8-1.0§
§1§;§preflop§;§4§;§4§;§uuid-5§;§5§;§2000§;§200-250§;§3690§;§350-400§;;;;;;§FOLD§;§0§;§2000§;§200-250§;§3690§;§350-400§;§-1§
§1§;§preflop§;§5§;§5§;§uuid-0§;§0§;§2000§;§200-250§;§3690§;§350-400§;;;;;;§CALL§;§1830§;§170§;§10-20§;§5520§;§550-600§;§0.4-0.6§
§1§;§preflop§;§6§;§6§;§uuid-1§;§1§;§1990§;§190-200§;§5520§;§550-600§;;;;;;§FOLD§;§0§;§1990§;§190-200§;§5520§;§550-600§;§-1§
§1§;§preflop§;§7§;§7§;§uuid-2§;§2§;§1980§;§190-200§;§5520§;§550-600§;;;;;;§CALL§;§1810§;§170§;§10-20§;§7330§;§700-750§;§0.2-0.4§
§1§;§flop§;§0§;§8§;§uuid-2§;§2§;§170§;§10-20§;§7330§;§700-750§;§C9§;§CQ§;§DA§;;;§RAISE§;§40§;§130§;§10-20§;§7370§;§700-750§;§0.0-0.2§
§1§;§flop§;§1§;§9§;§uuid-3§;§3§;§170§;§10-20§;§7370§;§700-750§;§C9§;§CQ§;§DA§;;;§RAISE§;§160§;§10§;§0-10§;§7530§;§750-800§;§0.0-0.2§
§1§;§flop§;§2§;§10§;§uuid-4§;§4§;§170§;§10-20§;§7530§;§750-800§;§C9§;§CQ§;§DA§;;;§CALL§;§160§;§10§;§0-10§;§7690§;§750-800§;§0.0-0.2§
§1§;§flop§;§3§;§11§;§uuid-0§;§0§;§170§;§10-20§;§7690§;§750-800§;§C9§;§CQ§;§DA§;;;§CALL§;§160§;§10§;§0-10§;§7850§;§750-800§;§0.0-0.2§
§1§;§flop§;§4§;§12§;§uuid-2§;§2§;§130§;§10-20§;§7850§;§750-800§;§C9§;§CQ§;§DA§;;;§FOLD§;§0§;§130§;§10-20§;§7850§;§750-800§;§-1§
§1§;§turn§;§0§;§13§;§uuid-3§;§3§;§10§;§0-10§;§7850§;§750-800§;§C9§;§CQ§;§DA§;§HJ§;;§CALL§;§0§;§10§;§0-10§;§7850§;§750-800§;§0.0-0.2§
§1§;§turn§;§1§;§14§;§uuid-4§;§4§;§10§;§0-10§;§7850§;§750-800§;§C9§;§CQ§;§DA§;§HJ§;;§CALL§;§0§;§10§;§0-10§;§7850§;§750-800§;§0.0-0.2§
§1§;§turn§;§2§;§15§;§uuid-0§;§0§;§10§;§0-10§;§7850§;§750-800§;§C9§;§CQ§;§DA§;§HJ§;;§CALL§;§0§;§10§;§0-10§;§7850§;§750-800§;§0.0-0.2§
§1§;§river§;§0§;§16§;§uuid-3§;§3§;§10§;§0-10§;§7850§;§750-800§;§C9§;§CQ§;§DA§;§HJ§;§ST§;§CALL§;§0§;§10§;§0-10§;§7850§;§750-800§;§0.0-0.2§
§1§;§river§;§1§;§17§;§uuid-4§;§4§;§10§;§0-10§;§7850§;§750-800§;§C9§;§CQ§;§DA§;§HJ§;§ST§;§CALL§;§0§;§10§;§0-10§;§7850§;§750-800§;§0.0-0.2§
§1§;§river§;§2§;§18§;§uuid-0§;§0§;§10§;§0-10§;§7850§;§750-800§;§C9§;§CQ§;§DA§;§HJ§;§ST§;§CALL§;§0§;§10§;§0-10§;§7850§;§750-800§;§0.0-0.2§
§2§;§preflop§;§0§;§0§;§uuid-2§;§1§;§130§;§10-20§;§0§;§0-10§;;;;;;§SMALLBLIND§;§10§;§120§;§10-20§;§10§;§0-10§;§-1§
§2§;§preflop§;§1§;§1§;§uuid-3§;§2§;§2010§;§200-250§;§10§;§0-10§;;;;;;§BIGBLIND§;§20§;§1990§;§190-200§;§30§;§0-10§;§-1§
§2§;§preflop§;§2§;§2§;§uuid-4§;§3§;§7860§;§750-800§;§30§;§0-10§;;;;;;§RAISE§;§2790§;§5070§;§500-550§;§2820§;§250-300§;§4+§
§2§;§preflop§;§3§;§3§;§uuid-5§;§4§;§2000§;§200-250§;§2820§;§250-300§;;;;;;§CALL§;§2000§;§0§;§0-10§;§4820§;§450-500§;§0.6-0.8§
§2§;§preflop§;§4§;§4§;§uuid-0§;§5§;§10010§;§1000-1100§;§4820§;§450-500§;;;;;;§RAISE§;§10010§;§0§;§0-10§;§14830§;§1400-1500§;§2.0-2.5§
§2§;§preflop§;§5§;§5§;§uuid-1§;§0§;§1990§;§190-200§;§14830§;§1400-1500§;;;;;;§CALL§;§1990§;§0§;§0-10§;§16820§;§1600-1700§;§0.0-0.2§
§2§;§preflop§;§6§;§6§;§uuid-2§;§1§;§120§;§10-20§;§16820§;§1600-1700§;;;;;;§FOLD§;§0§;§120§;§10-20§;§16820§;§1600-1700§;§-1§
§2§;§preflop§;§7§;§7§;§uuid-3§;§2§;§1990§;§190-200§;§16820§;§1600-1700§;;;;;;§CALL§;§1990§;§0§;§0-10§;§18810§;§1800-1900§;§0.0-0.2§
§2§;§preflop§;§8§;§8§;§uuid-4§;§3§;§5070§;§500-550§;§18810§;§1800-1900§;;;;;;§CALL§;§5070§;§0§;§0-10§;§23880§;§2000+§;§0.2-0.4§
§3§;§preflop§;§0§;§0§;§uuid-3§;§1§;§10030§;§1000-1100§;§0§;§0-10§;;;;;;§SMALLBLIND§;§10§;§10020§;§1000-1100§;§10§;§0-10§;§-1§
§3§;§preflop§;§1§;§1§;§uuid-4§;§2§;§11700§;§1100-1200§;§10§;§0-10§;;;;;;§BIGBLIND§;§20§;§11680§;§1100-1200§;§30§;§0-10§;§-1§
§3§;§preflop§;§2§;§2§;§uuid-5§;§3§;§2000§;§200-250§;§30§;§0-10§;;;;;;§RAISE§;§960§;§1040§;§100-110§;§990§;§90-100§;§4+§
§3§;§preflop§;§3§;§3§;§uuid-0§;§4§;§2150§;§200-250§;§990§;§90-100§;;;;;;§CALL§;§960§;§1190§;§110-120§;§1950§;§190-200§;§0.8-1.0§
§3§;§preflop§;§4§;§4§;§uuid-1§;§5§;§14000§;§1400-1500§;§1950§;§190-200§;;;;;;§RAISE§;§9500§;§4500§;§450-500§;§11450§;§1100-1200§;§4+§
§3§;§preflop§;§5§;§5§;§uuid-2§;§0§;§120§;§10-20§;§11450§;§1100-1200§;;;;;;§FOLD§;§0§;§120§;§10-20§;§11450§;§1100-1200§;§-1§
§3§;§preflop§;§6§;§6§;§uuid-3§;§1§;§10020§;§1000-1100§;§11450§;§1100-1200§;;;;;;§FOLD§;§0§;§10020§;§1000-1100§;§11450§;§1100-1200§;§-1§
§3§;§preflop§;§7§;§7§;§uuid-4§;§2§;§11680§;§1100-1200§;§11450§;§1100-1200§;;;;;;§CALL§;§9480§;§2200§;§200-250§;§20930§;§2000+§;§0.8-1.0§
§3§;§preflop§;§8§;§8§;§uuid-5§;§3§;§1040§;§100-110§;§20930§;§2000+§;;;;;;§CALL§;§1040§;§0§;§0-10§;§21970§;§2000+§;§0.0-0.2§
§3§;§preflop§;§9§;§9§;§uuid-0§;§4§;§1190§;§110-120§;§21970§;§2000+§;;;;;;§CALL§;§1190§;§0§;§0-10§;§23160§;§2000+§;§0.0-0.2§
§3§;§flop§;§0§;§10§;§uuid-4§;§2§;§2200§;§200-250§;§23160§;§2000+§;§CJ§;§DQ§;§S7§;;;§RAISE§;§960§;§1240§;§120-130§;§24120§;§2000+§;§0.0-0.2§
§3§;§flop§;§1§;§11§;§uuid-1§;§5§;§4500§;§450-500§;§24120§;§2000+§;§CJ§;§DQ§;§S7§;;;§FOLD§;§0§;§4500§;§450-500§;§24120§;§2000+§;§-1§
§4§;§preflop§;§0§;§0§;§uuid-4§;§1§;§16900§;§1600-1700§;§0§;§0-10§;;;;;;§SMALLBLIND§;§10§;§16890§;§1600-1700§;§10§;§0-10§;§-1§
§4§;§preflop§;§1§;§1§;§uuid-5§;§2§;§18000§;§1800-1900§;§10§;§0-10§;;;;;;§BIGBLIND§;§20§;§17980§;§1700-1800§;§30§;§0-10§;§-1§
§4§;§preflop§;§2§;§2§;§uuid-0§;§3§;§8460§;§800-850§;§30§;§0-10§;;;;;;§RAISE§;§6840§;§1620§;§160-170§;§6870§;§650-700§;§4+§
§4§;§preflop§;§3§;§3§;§uuid-1§;§4§;§4500§;§450-500§;§6870§;§650-700§;;;;;;§FOLD§;§0§;§4500§;§450-500§;§6870§;§650-700§;§-1§
§4§;§preflop§;§4§;§4§;§uuid-2§;§5§;§120§;§10-20§;§6870§;§650-700§;;;;;;§CALL§;§120§;§0§;§0-10§;§6990§;§650-700§;§0.0-0.2§
§4§;§preflop§;§5§;§5§;§uuid-3§;§0§;§10020§;§1000-1100§;§6990§;§650-700§;;;;;;§FOLD§;§0§;§10020§;§1000-1100§;§6990§;§650-700§;§-1§
§4§;§preflop§;§6§;§6§;§uuid-4§;§1§;§16890§;§1600-1700§;§6990§;§650-700§;;;;;;§CALL§;§6830§;§10060§;§1000-1100§;§13820§;§1300-1400§;§0.8-1.0§
§4§;§preflop§;§7§;§7§;§uuid-5§;§2§;§17980§;§1700-1800§;§13820§;§1300-1400§;;;;;;§CALL§;§6820§;§11160§;§1100-1200§;§20640§;§2000+§;§0.4-0.6§
§4§;§flop§;§0§;§8§;§uuid-4§;§1§;§10060§;§1000-1100§;§20640§;§2000+§;§C3§;§DJ§;§H9§;;;§RAISE§;§5180§;§4880§;§450-500§;§25820§;§2000+§;§0.2-0.4§
§4§;§flop§;§1§;§9§;§uuid-5§;§2§;§11160§;§1100-1200§;§25820§;§2000+§;§C3§;§DJ§;§H9§;;;§CALL§;§5180§;§5980§;§550-600§;§31000§;§2000+§;§0.2-0.4§
§4§;§flop§;§2§;§10§;§uuid-0§;§3§;§1620§;§160-170§;§31000§;§2000+§;§C3§;§DJ§;§H9§;;;§FOLD§;§0§;§1620§;§160-170§;§31000§;§2000+§;§-1§
§4§;§turn§;§0§;§11§;§uuid-4§;§1§;§4880§;§450-500§;§31000§;§2000+§;§C3§;§DJ§;§H9§;§C6§;;§RAISE§;§3460§;§1420§;§140-150§;§34460§;§2000+§;§0.0-0.2§
§4§;§turn§;§1§;§12§;§uuid-5§;§2§;§5980§;§550-600§;§34460§;§2000+§;§C3§;§DJ§;§H9§;§C6§;;§FOLD§;§0§;§5980§;§550-600§;§34460§;§2000+§;§-1§
§5§;§preflop§;§0§;§0§;§uuid-0§;§2§;§1620§;§160-170§;§0§;§0-10§;;;;;;§BIGBLIND§;§20§;§1600§;§160-170§;§20§;§0-10§;§-1§
§5§;§preflop§;§1§;§1§;§uuid-5§;§1§;§5980§;§550-600§;§20§;§0-10§;;;;;;§SMALLBLIND§;§10§;§5970§;§550-600§;§30§;§0-10§;§-1§
§5§;§preflop§;§2§;§2§;§uuid-1§;§3§;§4500§;§450-500§;§30§;§0-10§;;;;;;§RAISE§;§60§;§4440§;§400-450§;§90§;§0-10§;§2.0-2.5§
§5§;§preflop§;§3§;§3§;§uuid-2§;§4§;§4000§;§400-450§;§90§;§0-10§;;;;;;§RAISE§;§1100§;§2900§;§250-300§;§1190§;§110-120§;§4+§
§5§;§preflop§;§4§;§4§;§uuid-3§;§5§;§10020§;§1000-1100§;§1190§;§110-120§;;;;;;§RAISE§;§4280§;§5740§;§550-600§;§5470§;§500-550§;§3.5-4.0§
§5§;§preflop§;§5§;§5§;§uuid-4§;§0§;§35880§;§2000+§;§5470§;§500-550§;;;;;;§RAISE§;§14920§;§20960§;§2000+§;§20390§;§2000+§;§2.5-3.0§
§5§;§preflop§;§6§;§6§;§uuid-5§;§1§;§5970§;§550-600§;§20390§;§2000+§;;;;;;§FOLD§;§0§;§5970§;§550-600§;§20390§;§2000+§;§-1§
§5§;§preflop§;§7§;§7§;§uuid-0§;§2§;§1600§;§160-170§;§20390§;§2000+§;;;;;;§FOLD§;§0§;§1600§;§160-170§;§20390§;§2000+§;§-1§
§5§;§preflop§;§8§;§8§;§uuid-1§;§3§;§4440§;§400-450§;§20390§;§2000+§;;;;;;§CALL§;§4440§;§0§;§0-10§;§24830§;§2000+§;§0.2-0.4§
§5§;§preflop§;§9§;§9§;§uuid-2§;§4§;§2900§;§250-300§;§24830§;§2000+§;;;;;;§CALL§;§2900§;§0§;§0-10§;§27730§;§2000+§;§0.0-0.2§
§5§;§preflop§;§10§;§10§;§uuid-3§;§5§;§5740§;§550-600§;§27730§;§2000+§;;;;;;§FOLD§;§0§;§5740§;§550-600§;§27730§;§2000+§;§-1§
§6§;§preflop§;§0§;§0§;§uuid-0§;§1§;§1600§;§160-170§;§0§;§0-10§;;;;;;§SMALLBLIND§;§10§;§1590§;§150-160§;§10§;§0-10§;§-1§
§6§;§preflop§;§1§;§1§;§uuid-1§;§2§;§6000§;§600-650§;§10§;§0-10§;;;;;;§BIGBLIND§;§20§;§5980§;§550-600§;§30§;§0-10§;§-1§
§6§;§preflop§;§2§;§2§;§uuid-2§;§3§;§16030§;§1600-1700§;§30§;§0-10§;;;;;;§RAISE§;§3600§;§12430§;§1200-1300§;§3630§;§350-400§;§4+§
§6§;§preflop§;§3§;§3§;§uuid-3§;§4§;§5740§;§550-600§;§3630§;§350-400§;;;;;;§CALL§;§3600§;§2140§;§200-250§;§7230§;§700-750§;§0.8-1.0§
§6§;§preflop§;§4§;§4§;§uuid-4§;§5§;§32660§;§2000+§;§7230§;§700-750§;;;;;;§RAISE§;§7180§;§25480§;§2000+§;§14410§;§1400-1500§;§0.8-1.0§
§6§;§preflop§;§5§;§5§;§uuid-5§;§0§;§5970§;§550-600§;§14410§;§1400-1500§;;;;;;§CALL§;§5970§;§0§;§0-10§;§20380§;§2000+§;§0.4-0.6§
§6§;§preflop§;§6§;§6§;§uuid-0§;§1§;§1590§;§150-160§;§20380§;§2000+§;;;;;;§CALL§;§1590§;§0§;§0-10§;§21970§;§2000+§;§0.0-0.2§
§6§;§preflop§;§7§;§7§;§uuid-1§;§2§;§5980§;§550-600§;§21970§;§2000+§;;;;;;§CALL§;§5980§;§0§;§0-10§;§27950§;§2000+§;§0.2-0.4§
§6§;§preflop§;§8§;§8§;§uuid-2§;§3§;§12430§;§1200-1300§;§27950§;§2000+§;;;;;;§RAISE§;§12430§;§0§;§0-10§;§40380§;§2000+§;§0.4-0.6§
§6§;§preflop§;§9§;§9§;§uuid-3§;§4§;§2140§;§200-250§;§40380§;§2000+§;;;;;;§FOLD§;§0§;§2140§;§200-250§;§40380§;§2000+§;§-1§
§6§;§preflop§;§10§;§10§;§uuid-4§;§5§;§25480§;§2000+§;§40380§;§2000+§;;;;;;§RAISE§;§17700§;§7780§;§750-800§;§58080§;§2000+§;§0.4-0.6§
§7§;§preflop§;§0§;§0§;§uuid-1§;§1§;§29170§;§2000+§;§0§;§0-10§;;;;;;§SMALLBLIND§;§10§;§29160§;§2000+§;§10§;§0-10§;§-1§
§7§;§preflop§;§1§;§1§;§uuid-2§;§2§;§20060§;§2000+§;§10§;§0-10§;;;;;;§BIGBLIND§;§20§;§20040§;§2000+§;§30§;§0-10§;§-1§
§7§;§preflop§;§2§;§2§;§uuid-3§;§3§;§2140§;§200-250§;§30§;§0-10§;;;;;;§RAISE§;§1230§;§910§;§90-100§;§1260§;§120-130§;§4+§
§7§;§preflop§;§3§;§3§;§uuid-4§;§4§;§16630§;§1600-1700§;§1260§;§120-130§;;;;;;§RAISE§;§9760§;§6870§;§650-700§;§11020§;§1100-1200§;§4+§
§7§;§preflop§;§4§;§4§;§uuid-5§;§5§;§16000§;§1600-1700§;§11020§;§1100-1200§;;;;;;§FOLD§;§0§;§16000§;§1600-1700§;§11020§;§1100-1200§;§-1§
§7§;§preflop§;§5§;§5§;§uuid-0§;§0§;§16000§;§1600-1700§;§11020§;§1100-1200§;;;;;;§CALL§;§9760§;§6240§;§600-650§;§20780§;§2000+§;§0.8-1.0§
§7§;§preflop§;§6§;§6§;§uuid-1§;§1§;§29160§;§2000+§;§20780§;§2000+§;;;;;;§RAISE§;§18280§;§10880§;§1000-1100§;§39060§;§2000+§;§0.8-1.0§
§7§;§preflop§;§7§;§7§;§uuid-2§;§2§;§20040§;§2000+§;§39060§;§2000+§;;;;;;§CALL§;§18270§;§1770§;§170-180§;§57330§;§2000+§;§0.4-0.6§
§7§;§preflop§;§8§;§8§;§uuid-3§;§3§;§910§;§90-100§;§57330§;§2000+§;;;;;;§FOLD§;§0§;§910§;§90-100§;§57330§;§2000+§;§-1§
§7§;§preflop§;§9§;§9§;§uuid-4§;§4§;§6870§;§650-700§;§57330§;§2000+§;;;;;;§CALL§;§6870§;§0§;§0-10§;§64200§;§2000+§;§0.0-0.2§
§7§;§preflop§;§10§;§10§;§uuid-0§;§0§;§6240§;§600-650§;§64200§;§2000+§;;;;;;§FOLD§;§0§;§6240§;§600-650§;§64200§;§2000+§;§-1§
§7§;§flop§;§0§;§11§;§uuid-1§;§1§;§10880§;§1000-1100§;§64200§;§2000+§;§DQ§;§SJ§;§SK§;;;§RAISE§;§9280§;§1600§;§160-170§;§73480§;§2000+§;§0.0-0.2§
§7§;§flop§;§1§;§12§;§uuid-2§;§2§;§1770§;§170-180§;§73480§;§2000+§;§DQ§;§SJ§;§SK§;;;§FOLD§;§0§;§1770§;§170-180§;§73480§;§2000+§;§-1§
§8§;§preflop§;§0§;§0§;§uuid-2§;§1§;§1770§;§170-180§;§0§;§0-10§;;;;;;§SMALLBLIND§;§10§;§1760§;§170-180§;§10§;§0-10§;§-1§
§8§;§preflop§;§1§;§1§;§uuid-3§;§2§;§910§;§90-100§;§10§;§0-10§;;;;;;§BIGBLIND§;§20§;§890§;§80-90§;§30§;§0-10§;§-1§
§8§;§preflop§;§2§;§2§;§uuid-4§;§3§;§20000§;§2000+§;§30§;§0-10§;;;;;;§RAISE§;§2400§;§17600§;§1700-1800§;§2430§;§200-250§;§4+§
§8§;§preflop§;§3§;§3§;§uuid-5§;§4§;§16000§;§1600-1700§;§2430§;§200-250§;;;;;;§RAISE§;§4780§;§11220§;§1100-1200§;§7210§;§700-750§;§1.8-2.0§
§8§;§preflop§;§4§;§4§;§uuid-0§;§5§;§6240§;§600-650§;§7210§;§700-750§;;;;;;§CALL§;§4780§;§1460§;§140-150§;§11990§;§1100-1200§;§0.6-0.8§
§8§;§preflop§;§5§;§5§;§uuid-1§;§0§;§75080§;§2000+§;§11990§;§1100-1200§;;;;;;§RAISE§;§35800§;§39280§;§2000+§;§47790§;§2000+§;§2.5-3.0§
§8§;§preflop§;§6§;§6§;§uuid-2§;§1§;§1760§;§170-180§;§47790§;§2000+§;;;;;;§CALL§;§1760§;§0§;§0-10§;§49550§;§2000+§;§0.0-0.2§
§8§;§preflop§;§7§;§7§;§uuid-3§;§2§;§890§;§80-90§;§49550§;§2000+§;;;;;;§FOLD§;§0§;§890§;§80-90§;§49550§;§2000+§;§-1§
§8§;§preflop§;§8§;§8§;§uuid-4§;§3§;§17600§;§1700-1800§;§49550§;§2000+§;;;;;;§FOLD§;§0§;§17600§;§1700-1800§;§49550§;§2000+§;§-1§
§8§;§preflop§;§9§;§9§;§uuid-5§;§4§;§11220§;§1100-1200§;§49550§;§2000+§;;;;;;§FOLD§;§0§;§11220§;§1100-1200§;§49550§;§2000+§;§-1§
§8§;§preflop§;§10§;§10§;§uuid-0§;§5§;§1460§;§140-150§;§49550§;§2000+§;;;;;;§FOLD§;§0§;§1460§;§140-150§;§49550§;§2000+§;§-1§
§9§;§preflop§;§0§;§0§;§uuid-3§;§1§;§890§;§80-90§;§0§;§0-10§;;;;;;§SMALLBLIND§;§10§;§880§;§80-90§;§10§;§0-10§;§-1§
§9§;§preflop§;§1§;§1§;§uuid-4§;§2§;§17600§;§1700-1800§;§10§;§0-10§;;;;;;§BIGBLIND§;§20§;§17580§;§1700-1800§;§30§;§0-10§;§-1§
§9§;§preflop§;§2§;§2§;§uuid-5§;§3§;§11220§;§1100-1200§;§30§;§0-10§;;;;;;§RAISE§;§10470§;§750§;§70-80§;§10500§;§1000-1100§;§4+§
§9§;§preflop§;§3§;§3§;§uuid-0§;§4§;§1460§;§140-150§;§10500§;§1000-1100§;;;;;;§FOLD§;§0§;§1460§;§140-150§;§10500§;§1000-1100§;§-1§
§9§;§preflop§;§4§;§4§;§uuid-1§;§5§;§88830§;§2000+§;§10500§;§1000-1100§;;;;;;§RAISE§;§20920§;§67910§;§2000+§;§31420§;§2000+§;§1.8-2.0§
§9§;§preflop§;§5§;§5§;§uuid-2§;§0§;§10000§;§1000-1100§;§31420§;§2000+§;;;;;;§CALL§;§10000§;§0§;§0-10§;§41420§;§2000+§;§0.2-0.4§
§9§;§preflop§;§6§;§6§;§uuid-3§;§1§;§880§;§80-90§;§41420§;§2000+§;;;;;;§CALL§;§880§;§0§;§0-10§;§42300§;§2000+§;§0.0-0.2§
§9§;§preflop§;§7§;§7§;§uuid-4§;§2§;§17580§;§1700-1800§;§42300§;§2000+§;;;;;;§FOLD§;§0§;§17580§;§1700-1800§;§42300§;§2000+§;§-1§
§9§;§preflop§;§8§;§8§;§uuid-5§;§3§;§750§;§70-80§;§42300§;§2000+§;;;;;;§FOLD§;§0§;§750§;§70-80§;§42300§;§2000+§;§-1§
§10§;§preflop§;§0§;§0§;§uuid-4§;§1§;§17580§;§1700-1800§;§0§;§0-10§;;;;;;§SMALLBLIND§;§10§;§17570§;§1700-1800§;§10§;§0-10§;§-1§
§10§;§preflop§;§1§;§1§;§uuid-5§;§2§;§750§;§70-80§;§10§;§0-10§;;;;;;§BIGBLIND§;§20§;§730§;§70-80§;§30§;§0-10§;§-1§
§10§;§preflop§;§2§;§2§;§uuid-0§;§3§;§1460§;§140-150§;§30§;§0-10§;;;;;;§RAISE§;§60§;§1400§;§140-150§;§90§;§0-10§;§2.0-2.5§
§10§;§preflop§;§3§;§3§;§uuid-1§;§4§;§110210§;§2000+§;§90§;§0-10§;;;;;;§RAISE§;§9400§;§100810§;§2000+§;§9490§;§900-950§;§4+§
§10§;§preflop§;§4§;§4§;§uuid-2§;§5§;§10000§;§1000-1100§;§9490§;§900-950§;;;;;;§FOLD§;§0§;§10000§;§1000-1100§;§9490§;§900-950§;§-1§
§10§;§preflop§;§5§;§5§;§uuid-3§;§0§;§2000§;§200-250§;§9490§;§900-950§;;;;;;§CALL§;§2000§;§0§;§0-10§;§11490§;§1100-1200§;§0.2-0.4§
§10§;§preflop§;§6§;§6§;§uuid-4§;§1§;§17570§;§1700-1800§;§11490§;§1100-1200§;;;;;;§FOLD§;§0§;§17570§;§1700-1800§;§11490§;§1100-1200§;§-1§
§10§;§preflop§;§7§;§7§;§uuid-5§;§2§;§730§;§70-80§;§11490§;§1100-1200§;;;;;;§FOLD§;§0§;§730§;§70-80§;§11490§;§1100-1200§;§-1§
§10§;§preflop§;§8§;§8§;§uuid-0§;§3§;§1400§;§140-150§;§11490§;§1100-1200§;;;;;;§FOLD§;§0§;§1400§;§140-150§;§11490§;§1100-1200§;§-1§
§11§;§preflop§;§0§;§0§;§uuid-0§;§2§;§1400§;§140-150§;§0§;§0-10§;;;;;;§BIGBLIND§;§20§;§1380§;§130-140§;§20§;§0-10§;§-1§
§11§;§preflop§;§1§;§1§;§uuid-5§;§1§;§730§;§70-80§;§20§;§0-10§;;;;;;§SMALLBLIND§;§10§;§720§;§70-80§;§30§;§0-10§;§-1§
§11§;§preflop§;§2§;§2§;§uuid-1§;§3§;§112300§;§2000+§;§30§;§0-10§;;;;;;§RAISE§;§51270§;§61030§;§2000+§;§51300§;§2000+§;§4+§
§11§;§preflop§;§3§;§3§;§uuid-2§;§4§;§10000§;§1000-1100§;§51300§;§2000+§;;;;;;§FOLD§;§0§;§10000§;§1000-1100§;§51300§;§2000+§;§-1§
§11§;§preflop§;§4§;§4§;§uuid-3§;§5§;§18000§;§1800-1900§;§51300§;§2000+§;;;;;;§FOLD§;§0§;§18000§;§1800-1900§;§51300§;§2000+§;§-1§
§11§;§preflop§;§5§;§5§;§uuid-4§;§0§;§17570§;§1700-1800§;§51300§;§2000+§;;;;;;§FOLD§;§0§;§17570§;§1700-1800§;§51300§;§2000+§;§-1§
§11§;§preflop§;§6§;§6§;§uuid-5§;§1§;§720§;§70-80§;§51300§;§2000+§;;;;;;§CALL§;§720§;§0§;§0-10§;§52020§;§2000+§;§0.0-0.2§
§11§;§preflop§;§7§;§7§;§uuid-0§;§2§;§1380§;§130-140§;§52020§;§2000+§;;;;;;§CALL§;§1380§;§0§;§0-10§;§53400§;§2000+§;§0.0-0.2§
§12§;§preflop§;§0§;§0§;§uuid-0§;§1§;§8000§;§800-850§;§0§;§0-10§;;;;;;§SMALLBLIND§;§10§;§7990§;§750-800§;§10§;§0-10§;§-1§
§12§;§preflop§;§1§;§1§;§uuid-1§;§2§;§114430§;§2000+§;§10§;§0-10§;;;;;;§BIGBLIND§;§20§;§114410§;§2000+§;§30§;§0-10§;§-1§
§12§;§preflop§;§2§;§2§;§uuid-2§;§3§;§10000§;§1000-1100§;§30§;§0-10§;;;;;;§RAISE§;§4470§;§5530§;§550-600§;§4500§;§450-500§;§4+§
§12§;§preflop§;§3§;§3§;§uuid-3§;§4§;§18000§;§1800-1900§;§4500§;§450-500§;;;;;;§RAISE§;§18000§;§0§;§0-10§;§22500§;§2000+§;§4+§
§12§;§preflop§;§4§;§4§;§uuid-4§;§5§;§17570§;§1700-1800§;§22500§;§2000+§;;;;;;§CALL§;§17570§;§0§;§0-10§;§40070§;§2000+§;§0.6-0.8§
§12§;§preflop§;§5§;§5§;§uuid-5§;§0§;§6000§;§600-650§;§40070§;§2000+§;;;;;;§CALL§;§6000§;§0§;§0-10§;§46070§;§2000+§;§0.0-0.2§
§12§;§preflop§;§6§;§6§;§uuid-0§;§1§;§7990§;§750-800§;§46070§;§2000+§;;;;;;§CALL§;§7990§;§0§;§0-10§;§54060§;§2000+§;§0.0-0.2§
§12§;§preflop§;§7§;§7§;§uuid-1§;§2§;§114410§;§2000+§;§54060§;§2000+§;;;;;;§RAISE§;§63040§;§51370§;§2000+§;§117100§;§2000+§;§1.0-1.2§
§12§;§preflop§;§8§;§8§;§uuid-2§;§3§;§5530§;§550-600§;§117100§;§2000+§;;;;;;§CALL§;§5530§;§0§;§0-10§;§122630§;§2000+§;§0.0-0.2§
§13§;§preflop§;§0§;§0§;§uuid-1§;§1§;§96430§;§2000+§;§0§;§0-10§;;;;;;§SMALLBLIND§;§10§;§96420§;§2000+§;§10§;§0-10§;§-1§
§13§;§preflop§;§1§;§1§;§uuid-2§;§2§;§2000§;§200-250§;§10§;§0-10§;;;;;;§BIGBLIND§;§20§;§1980§;§190-200§;§30§;§0-10§;§-1§
§13§;§preflop§;§2§;§2§;§uuid-3§;§3§;§41570§;§2000+§;§30§;§0-10§;;;;;;§RAISE§;§39270§;§2300§;§200-250§;§39300§;§2000+§;§4+§
§13§;§preflop§;§3§;§3§;§uuid-4§;§4§;§10000§;§1000-1100§;§39300§;§2000+§;;;;;;§FOLD§;§0§;§10000§;§1000-1100§;§39300§;§2000+§;§-1§
§13§;§preflop§;§4§;§4§;§uuid-5§;§5§;§36000§;§2000+§;§39300§;§2000+§;;;;;;§FOLD§;§0§;§36000§;§2000+§;§39300§;§2000+§;§-1§
§13§;§preflop§;§5§;§5§;§uuid-0§;§0§;§16000§;§1600-1700§;§39300§;§2000+§;;;;;;§CALL§;§16000§;§0§;§0-10§;§55300§;§2000+§;§0.4-0.6§
§13§;§preflop§;§6§;§6§;§uuid-1§;§1§;§96420§;§2000+§;§55300§;§2000+§;;;;;;§RAISE§;§96420§;§0§;§0-10§;§151720§;§2000+§;§1.6-1.8§
§13§;§preflop§;§7§;§7§;§uuid-2§;§2§;§1980§;§190-200§;§151720§;§2000+§;;;;;;§FOLD§;§0§;§1980§;§190-200§;§151720§;§2000+§;§-1§
§13§;§preflop§;§8§;§8§;§uuid-3§;§3§;§2300§;§200-250§;§151720§;§2000+§;;;;;;§FOLD§;§0§;§2300§;§200-250§;§151720§;§2000+§;§-1§
§14§;§preflop§;§0§;§0§;§uuid-2§;§1§;§1980§;§190-200§;§0§;§0-10§;;;;;;§SMALLBLIND§;§10§;§1970§;§190-200§;§10§;§0-10§;§-1§
§14§;§preflop§;§1§;§1§;§uuid-3§;§2§;§2300§;§200-250§;§10§;§0-10§;;;;;;§BIGBLIND§;§20§;§2280§;§200-250§;§30§;§0-10§;§-1§
§14§;§preflop§;§2§;§2§;§uuid-4§;§3§;§10000§;§1000-1100§;§30§;§0-10§;;;;;;§RAISE§;§1410§;§8590§;§850-900§;§1440§;§140-150§;§4+§
§14§;§preflop§;§3§;§3§;§uuid-5§;§4§;§36000§;§2000+§;§1440§;§140-150§;;;;;;§RAISE§;§22400§;§13600§;§1300-1400§;§23840§;§2000+§;§4+§
§14§;§preflop§;§4§;§4§;§uuid-0§;§5§;§48020§;§2000+§;§23840§;§2000+§;;;;;;§RAISE§;§43390§;§4630§;§450-500§;§67230§;§2000+§;§1.8-2.0§
§14§;§preflop§;§5§;§5§;§uuid-1§;§0§;§103700§;§2000+§;§67230§;§2000+§;;;;;;§CALL§;§43390§;§60310§;§2000+§;§110620§;§2000+§;§0.6-0.8§
§14§;§preflop§;§6§;§6§;§uuid-2§;§1§;§1970§;§190-200§;§110620§;§2000+§;;;;;;§CALL§;§1970§;§0§;§0-10§;§112590§;§2000+§;§0.0-0.2§
§14§;§preflop§;§7§;§7§;§uuid-3§;§2§;§2280§;§200-250§;§112590§;§2000+§;;;;;;§FOLD§;§0§;§2280§;§200-250§;§112590§;§2000+§;§-1§
§14§;§preflop§;§8§;§8§;§uuid-4§;§3§;§8590§;§850-900§;§112590§;§2000+§;;;;;;§FOLD§;§0§;§8590§;§850-900§;§112590§;§2000+§;§-1§
§14§;§preflop§;§9§;§9§;§uuid-5§;§4§;§13600§;§1300-1400§;§112590§;§2000+§;;;;;;§CALL§;§13600§;§0§;§0-10§;§126190§;§2000+§;§0.0-0.2§
§14§;§flop§;§0§;§10§;§uuid-0§;§5§;§4630§;§450-500§;§126190§;§2000+§;§C2§;§C3§;§SA§;;;§RAISE§;§2060§;§2570§;§250-300§;§128250§;§2000+§;§0.0-0.2§
§14§;§flop§;§1§;§11§;§uuid-1§;§0§;§60310§;§2000+§;§128250§;§2000+§;§C2§;§C3§;§SA§;;;§FOLD§;§0§;§60310§;§2000+§;§128250§;§2000+§;§-1§
§15§;§preflop§;§0§;§0§;§uuid-3§;§1§;§2280§;§200-250§;§0§;§0-10§;;;;;;§SMALLBLIND§;§10§;§2270§;§200-250§;§10§;§0-10§;§-1§
§15§;§preflop§;§1§;§1§;§uuid-4§;§2§;§8590§;§850-900§;§10§;§0-10§;;;;;;§BIGBLIND§;§20§;§8570§;§850-900§;§30§;§0-10§;§-1§
§15§;§preflop§;§2§;§2§;§uuid-5§;§3§;§111410§;§2000+§;§30§;§0-10§;;;;;;§RAISE§;§71430§;§39980§;§2000+§;§71460§;§2000+§;§4+§
§15§;§preflop§;§3§;§3§;§uuid-0§;§4§;§19410§;§1900-2000§;§71460§;§2000+§;;;;;;§FOLD§;§0§;§19410§;§1900-2000§;§71460§;§2000+§;§-1§
§15§;§preflop§;§4§;§4§;§uuid-1§;§5§;§60310§;§2000+§;§71460§;§2000+§;;;;;;§CALL§;§60310§;§0§;§0-10§;§131770§;§2000+§;§0.8-1.0§
§15§;§preflop§;§5§;§5§;§uuid-2§;§0§;§6000§;§600-650§;§131770§;§2000+§;;;;;;§FOLD§;§0§;§6000§;§600-650§;§131770§;§2000+§;§-1§
§15§;§preflop§;§6§;§6§;§uuid-3§;§1§;§2270§;§200-250§;§131770§;§2000+§;;;;;;§FOLD§;§0§;§2270§;§200-250§;§131770§;§2000+§;§-1§
§15§;§preflop§;§7§;§7§;§uuid-4§;§2§;§8570§;§850-900§;§131770§;§2000+§;;;;;;§CALL§;§8570§;§0§;§0-10§;§140340§;§2000+§;§0.0-0.2§
§16§;§preflop§;§0§;§0§;§uuid-4§;§1§;§25780§;§2000+§;§0§;§0-10§;;;;;;§SMALLBLIND§;§10§;§25770§;§2000+§;§10§;§0-10§;§-1§
§16§;§preflop§;§1§;§1§;§uuid-5§;§2§;§51100§;§2000+§;§10§;§0-10§;;;;;;§BIGBLIND§;§20§;§51080§;§2000+§;§30§;§0-10§;§-1§
§16§;§preflop§;§2§;§2§;§uuid-0§;§3§;§19410§;§1900-2000§;§30§;§0-10§;;;;;;§RAISE§;§13470§;§5940§;§550-600§;§13500§;§1300-1400§;§4+§
§16§;§preflop§;§3§;§3§;§uuid-1§;§4§;§103440§;§2000+§;§13500§;§1300-1400§;;;;;;§RAISE§;§26920§;§76520§;§2000+§;§40420§;§2000+§;§1.8-2.0§
§16§;§preflop§;§4§;§4§;§uuid-2§;§5§;§6000§;§600-650§;§40420§;§2000+§;;;;;;§CALL§;§6000§;§0§;§0-10§;§46420§;§2000+§;§0.0-0.2§
§16§;§preflop§;§5§;§5§;§uuid-3§;§0§;§2270§;§200-250§;§46420§;§2000+§;;;;;;§CALL§;§2270§;§0§;§0-10§;§48690§;§2000+§;§0.0-0.2§
§16§;§preflop§;§6§;§6§;§uuid-4§;§1§;§25770§;§2000+§;§48690§;§2000+§;;;;;;§CALL§;§25770§;§0§;§0-10§;§74460§;§2000+§;§0.4-0.6§
§16§;§preflop§;§7§;§7§;§uuid-5§;§2§;§51080§;§2000+§;§74460§;§2000+§;;;;;;§FOLD§;§0§;§51080§;§2000+§;§74460§;§2000+§;§-1§
§16§;§preflop§;§8§;§8§;§uuid-0§;§3§;§5940§;§550-600§;§74460§;§2000+§;;;;;;§CALL§;§5940§;§0§;§0-10§;§80400§;§2000+§;§0.0-0.2§
§17§;§preflop§;§0§;§0§;§uuid-0§;§2§;§66520§;§2000+§;§0§;§0-10§;;;;;;§BIGBLIND§;§20§;§66500§;§2000+§;§20§;§0-10§;§-1§
§17§;§preflop§;§1§;§1§;§uuid-5§;§1§;§51080§;§2000+§;§20§;§0-10§;;;;;;§SMALLBLIND§;§10§;§51070§;§2000+§;§30§;§0-10§;§-1§
§17§;§preflop§;§2§;§2§;§uuid-1§;§3§;§77660§;§2000+§;§30§;§0-10§;;;;;;§RAISE§;§41790§;§35870§;§2000+§;§41820§;§2000+§;§4+§
§17§;§preflop§;§3§;§3§;§uuid-2§;§4§;§18000§;§1800-1900§;§41820§;§2000+§;;;;;;§CALL§;§18000§;§0§;§0-10§;§59820§;§2000+§;§0.4-0.6§
§17§;§preflop§;§4§;§4§;§uuid-3§;§5§;§8000§;§800-850§;§59820§;§2000+§;;;;;;§FOLD§;§0§;§8000§;§800-850§;§59820§;§2000+§;§-1§
§17§;§preflop§;§5§;§5§;§uuid-4§;§0§;§12740§;§1200-1300§;§59820§;§2000+§;;;;;;§FOLD§;§0§;§12740§;§1200-1300§;§59820§;§2000+§;§-1§
§17§;§preflop§;§6§;§6§;§uuid-5§;§1§;§51070§;§2000+§;§59820§;§2000+§;;;;;;§FOLD§;§0§;§51070§;§2000+§;§59820§;§2000+§;§-1§
§17§;§preflop§;§7§;§7§;§uuid-0§;§2§;§66500§;§2000+§;§59820§;§2000+§;;;;;;§CALL§;§41770§;§24730§;§2000+§;§101590§;§2000+§;§0.6-0.8§
§17§;§flop§;§0§;§8§;§uuid-0§;§2§;§24730§;§2000+§;§101590§;§2000+§;§D8§;§S6§;§ST§;;;§RAISE§;§12600§;§12130§;§1200-1300§;§114190§;§2000+§;§0.0-0.2§
§17§;§flop§;§1§;§9§;§uuid-1§;§3§;§35870§;§2000+§;§114190§;§2000+§;§D8§;§S6§;§ST§;;;§RAISE§;§35870§;§0§;§0-10§;§150060§;§2000+§;§0.2-0.4§
§17§;§flop§;§2§;§10§;§uuid-0§;§2§;§12130§;§1200-1300§;§150060§;§2000+§;§D8§;§S6§;§ST§;;;§CALL§;§12130§;§0§;§0-10§;§162190§;§2000+§;§0.0-0.2§
§18§;§preflop§;§0§;§0§;§uuid-0§;§1§;§97040§;§2000+§;§0§;§0-10§;;;;;;§SMALLBLIND§;§10§;§97030§;§2000+§;§10§;§0-10§;§-1§
§18§;§preflop§;§1§;§1§;§uuid-1§;§2§;§11140§;§1100-1200§;§10§;§0-10§;;;;;;§BIGBLIND§;§20§;§11120§;§1100-1200§;§30§;§0-10§;§-1§
§18§;§preflop§;§2§;§2§;§uuid-2§;§3§;§54010§;§2000+§;§30§;§0-10§;;;;;;§RAISE§;§43170§;§10840§;§1000-1100§;§43200§;§2000+§;§4+§
§18§;§preflop§;§3§;§3§;§uuid-3§;§4§;§8000§;§800-850§;§43200§;§2000+§;;;;;;§FOLD§;§0§;§8000§;§800-850§;§43200§;§2000+§;§-1§
§18§;§preflop§;§4§;§4§;§uuid-4§;§5§;§12740§;§1200-1300§;§43200§;§2000+§;;;;;;§FOLD§;§0§;§12740§;§1200-1300§;§43200§;§2000+§;§-1§
§18§;§preflop§;§5§;§5§;§uuid-5§;§0§;§51070§;§2000+§;§43200§;§2000+§;;;;;;§FOLD§;§0§;§51070§;§2000+§;§43200§;§2000+§;§-1§
§18§;§preflop§;§6§;§6§;§uuid-0§;§1§;§97030§;§2000+§;§43200§;§2000+§;;;;;;§FOLD§;§0§;§97030§;§2000+§;§43200§;§2000+§;§-1§
§18§;§preflop§;§7§;§7§;§uuid-1§;§2§;§11120§;§1100-1200§;§43200§;§2000+§;;;;;;§CALL§;§11120§;§0§;§0-10§;§54320§;§2000+§;§0.2-0.4§
§19§;§preflop§;§0§;§0§;§uuid-1§;§1§;§14000§;§1400-1500§;§0§;§0-10§;;;;;;§SMALLBLIND§;§10§;§13990§;§1300-1400§;§10§;§0-10§;§-1§
§19§;§preflop§;§1§;§1§;§uuid-2§;§2§;§65160§;§2000+§;§10§;§0-10§;;;;;;§BIGBLIND§;§20§;§65140§;§2000+§;§30§;§0-10§;§-1§
§19§;§preflop§;§2§;§2§;§uuid-3§;§3§;§8000§;§800-850§;§30§;§0-10§;;;;;;§RAISE§;§6210§;§1790§;§170-180§;§6240§;§600-650§;§4+§
§19§;§preflop§;§3§;§3§;§uuid-4§;§4§;§12740§;§1200-1300§;§6240§;§600-650§;;;;;;§RAISE§;§12400§;§340§;§30-40§;§18640§;§1800-1900§;§1.8-2.0§
§19§;§preflop§;§4§;§4§;§uuid-5§;§5§;§51070§;§2000+§;§18640§;§1800-1900§;;;;;;§CALL§;§12400§;§38670§;§2000+§;§31040§;§2000+§;§0.6-0.8§
§19§;§preflop§;§5§;§5§;§uuid-0§;§0§;§97030§;§2000+§;§31040§;§2000+§;;;;;;§RAISE§;§92950§;§4080§;§400-450§;§123990§;§2000+§;§2.5-3.0§
§19§;§preflop§;§6§;§6§;§uuid-1§;§1§;§13990§;§1300-1400§;§123990§;§2000+§;;;;;;§CALL§;§13990§;§0§;§0-10§;§137980§;§2000+§;§0.0-0.2§
§19§;§preflop§;§7§;§7§;§uuid-2§;§2§;§65140§;§2000+§;§137980§;§2000+§;;;;;;§FOLD§;§0§;§65140§;§2000+§;§137980§;§2000+§;§-1§
§19§;§preflop§;§8§;§8§;§uuid-3§;§3§;§1790§;§170-180§;§137980§;§2000+§;;;;;;§CALL§;§1790§;§0§;§0-10§;§139770§;§2000+§;§0.0-0.2§
§19§;§preflop§;§9§;§9§;§uuid-4§;§4§;§340§;§30-40§;§139770§;§2000+§;;;;;;§FOLD§;§0§;§340§;§30-40§;§139770§;§2000+§;§-1§
§19§;§preflop§;§10§;§10§;§uuid-5§;§5§;§38670§;§2000+§;§139770§;§2000+§;;;;;;§CALL§;§38670§;§0§;§0-10§;§178440§;§2000+§;§0.2-0.4§
§20§;§preflop§;§0§;§0§;§uuid-2§;§1§;§65140§;§2000+§;§0§;§0-10§;;;;;;§SMALLBLIND§;§10§;§65130§;§2000+§;§10§;§0-10§;§-1§
§20§;§preflop§;§1§;§1§;§uuid-3§;§2§;§40020§;§2000+§;§10§;§0-10§;;;;;;§BIGBLIND§;§20§;§40000§;§2000+§;§30§;§0-10§;§-1§
§20§;§preflop§;§2§;§2§;§uuid-4§;§3§;§340§;§30-40§;§30§;§0-10§;;;;;;§RAISE§;§240§;§100§;§10-20§;§270§;§20-30§;§4+§
§20§;§preflop§;§3§;§3§;§uuid-5§;§4§;§96540§;§2000+§;§270§;§20-30§;;;;;;§RAISE§;§74060§;§22480§;§2000+§;§74330§;§2000+§;§4+§
§20§;§preflop§;§4§;§4§;§uuid-0§;§5§;§45960§;§2000+§;§74330§;§2000+§;;;;;;§FOLD§;§0§;§45960§;§2000+§;§74330§;§2000+§;§-1§
§20§;§preflop§;§5§;§5§;§uuid-1§;§0§;§20000§;§2000+§;§74330§;§2000+§;;;;;;§CALL§;§20000§;§0§;§0-10§;§94330§;§2000+§;§0.2-0.4§
§20§;§preflop§;§6§;§6§;§uuid-2§;§1§;§65130§;§2000+§;§94330§;§2000+§;;;;;;§CALL§;§65130§;§0§;§0-10§;§159460§;§2000+§;§0.6-0.8§
§20§;§preflop§;§7§;§7§;§uuid-3§;§2§;§40000§;§2000+§;§159460§;§2000+§;;;;;;§FOLD§;§0§;§40000§;§2000+§;§159460§;§2000+§;§-1§
§20§;§preflop§;§8§;§8§;§uuid-4§;§3§;§100§;§10-20§;§159460§;§2000+§;;;;;;§FOLD§;§0§;§100§;§10-20§;§159460§;§2000+§;§-1§
§21§;§preflop§;§0§;§0§;§uuid-3§;§1§;§40000§;§2000+§;§0§;§0-10§;;;;;;§SMALLBLIND§;§10§;§39990§;§2000+§;§10§;§0-10§;§-1§
§21§;§preflop§;§1§;§1§;§uuid-4§;§2§;§100§;§10-20§;§10§;§0-10§;;;;;;§BIGBLIND§;§20§;§80§;§0-10§;§30§;§0-10§;§-1§
§21§;§preflop§;§2§;§2§;§uuid-5§;§3§;§31400§;§2000+§;§30§;§0-10§;;;;;;§RAISE§;§29160§;§2240§;§200-250§;§29190§;§2000+§;§4+§
§21§;§preflop§;§3§;§3§;§uuid-0§;§4§;§45960§;§2000+§;§29190§;§2000+§;;;;;;§CALL§;§29160§;§16800§;§1600-1700§;§58350§;§2000+§;§0.8-1.0§
§21§;§preflop§;§4§;§4§;§uuid-1§;§5§;§14000§;§1400-1500§;§58350§;§2000+§;;;;;;§FOLD§;§0§;§14000§;§1400-1500§;§58350§;§2000+§;§-1§
§21§;§preflop§;§5§;§5§;§uuid-2§;§0§;§150540§;§2000+§;§58350§;§2000+§;;;;;;§FOLD§;§0§;§150540§;§2000+§;§58350§;§2000+§;§-1§
§21§;§preflop§;§6§;§6§;§uuid-3§;§1§;§39990§;§2000+§;§58350§;§2000+§;;;;;;§CALL§;§29150§;§10840§;§1000-1100§;§87500§;§2000+§;§0.4-0.6§
§21§;§preflop§;§7§;§7§;§uuid-4§;§2§;§80§;§0-10§;§87500§;§2000+§;;;;;;§CALL§;§80§;§0§;§0-10§;§87580§;§2000+§;§0.0-0.2§
§21§;§flop§;§0§;§8§;§uuid-3§;§1§;§10840§;§1000-1100§;§87580§;§2000+§;§CJ§;§D4§;§DJ§;;;§RAISE§;§900§;§9940§;§950-1000§;§88480§;§2000+§;§0.0-0.2§
§21§;§flop§;§1§;§9§;§uuid-5§;§3§;§2240§;§200-250§;§88480§;§2000+§;§CJ§;§D4§;§DJ§;;;§CALL§;§900§;§1340§;§130-140§;§89380§;§2000+§;§0.0-0.2§
§21§;§flop§;§2§;§10§;§uuid-0§;§4§;§16800§;§1600-1700§;§89380§;§2000+§;§CJ§;§D4§;§DJ§;;;§RAISE§;§10800§;§6000§;§600-650§;§100180§;§2000+§;§0.0-0.2§
§21§;§flop§;§3§;§11§;§uuid-3§;§1§;§9940§;§950-1000§;§100180§;§2000+§;§CJ§;§D4§;§DJ§;;;§FOLD§;§0§;§9940§;§950-1000§;§100180§;§2000+§;§-1§
§21§;§flop§;§4§;§12§;§uuid-5§;§3§;§1340§;§130-140§;§100180§;§2000+§;§CJ§;§D4§;§DJ§;;;§FOLD§;§0§;§1340§;§130-140§;§100180§;§2000+§;§-1§
§22§;§preflop§;§0§;§0§;§uuid-4§;§1§;§2000§;§200-250§;§0§;§0-10§;;;;;;§SMALLBLIND§;§10§;§1990§;§190-200§;§10§;§0-10§;§-1§
§22§;§preflop§;§1§;§1§;§uuid-5§;§2§;§1340§;§130-140§;§10§;§0-10§;;;;;;§BIGBLIND§;§20§;§1320§;§130-140§;§30§;§0-10§;§-1§
§22§;§preflop§;§2§;§2§;§uuid-0§;§3§;§106180§;§2000+§;§30§;§0-10§;;;;;;§RAISE§;§97170§;§9010§;§900-950§;§97200§;§2000+§;§4+§
§22§;§preflop§;§3§;§3§;§uuid-1§;§4§;§14000§;§1400-1500§;§97200§;§2000+§;;;;;;§CALL§;§14000§;§0§;§0-10§;§111200§;§2000+§;§0.0-0.2§
§22§;§preflop§;§4§;§4§;§uuid-2§;§5§;§150540§;§2000+§;§111200§;§2000+§;;;;;;§FOLD§;§0§;§150540§;§2000+§;§111200§;§2000+§;§-1§
§22§;§preflop§;§5§;§5§;§uuid-3§;§0§;§9940§;§950-1000§;§111200§;§2000+§;;;;;;§FOLD§;§0§;§9940§;§950-1000§;§111200§;§2000+§;§-1§
§22§;§preflop§;§6§;§6§;§uuid-4§;§1§;§1990§;§190-200§;§111200§;§2000+§;;;;;;§FOLD§;§0§;§1990§;§190-200§;§111200§;§2000+§;§-1§
§22§;§preflop§;§7§;§7§;§uuid-5§;§2§;§1320§;§130-140§;§111200§;§2000+§;;;;;;§CALL§;§1320§;§0§;§0-10§;§112520§;§2000+§;§0.0-0.2§
§23§;§preflop§;§0§;§0§;§uuid-0§;§2§;§92180§;§2000+§;§0§;§0-10§;;;;;;§BIGBLIND§;§20§;§92160§;§2000+§;§20§;§0-10§;§-1§
§23§;§preflop§;§1§;§1§;§uuid-5§;§1§;§20000§;§2000+§;§20§;§0-10§;;;;;;§SMALLBLIND§;§10§;§19990§;§1900-2000§;§30§;§0-10§;§-1§
§23§;§preflop§;§2§;§2§;§uuid-1§;§3§;§29350§;§2000+§;§30§;§0-10§;;;;;;§RAISE§;§1800§;§27550§;§2000+§;§1830§;§180-190§;§4+§
§23§;§preflop§;§3§;§3§;§uuid-2§;§4§;§150540§;§2000+§;§1830§;§180-190§;;;;;;§RAISE§;§71600§;§78940§;§2000+§;§73430§;§2000+§;§4+§
§23§;§preflop§;§4§;§4§;§uuid-3§;§5§;§9940§;§950-1000§;§73430§;§2000+§;;;;;;§FOLD§;§0§;§9940§;§950-1000§;§73430§;§2000+§;§-1§
§23§;§preflop§;§5§;§5§;§uuid-4§;§0§;§1990§;§190-200§;§73430§;§2000+§;;;;;;§FOLD§;§0§;§1990§;§190-200§;§73430§;§2000+§;§-1§
§23§;§preflop§;§6§;§6§;§uuid-5§;§1§;§19990§;§1900-2000§;§73430§;§2000+§;;;;;;§CALL§;§19990§;§0§;§0-10§;§93420§;§2000+§;§0.2-0.4§
§23§;§preflop§;§7§;§7§;§uuid-0§;§2§;§92160§;§2000+§;§93420§;§2000+§;;;;;;§CALL§;§71580§;§20580§;§2000+§;§165000§;§2000+§;§0.6-0.8§
§23§;§preflop§;§8§;§8§;§uuid-1§;§3§;§27550§;§2000+§;§165000§;§2000+§;;;;;;§FOLD§;§0§;§27550§;§2000+§;§165000§;§2000+§;§-1§
§23§;§flop§;§0§;§9§;§uuid-0§;§2§;§20580§;§2000+§;§165000§;§2000+§;§C4§;§D2§;§SJ§;;;§RAISE§;§17340§;§3240§;§300-350§;§182340§;§2000+§;§0.0-0.2§
§23§;§flop§;§1§;§10§;§uuid-2§;§4§;§78940§;§2000+§;§182340§;§2000+§;§C4§;§D2§;§SJ§;;;§FOLD§;§0§;§78940§;§2000+§;§182340§;§2000+§;§-1§
§24§;§preflop§;§0§;§0§;§uuid-0§;§1§;§185580§;§2000+§;§0§;§0-10§;;;;;;§SMALLBLIND§;§10§;§185570§;§2000+§;§10§;§0-10§;§-1§
§24§;§preflop§;§1§;§1§;§uuid-1§;§2§;§27550§;§2000+§;§10§;§0-10§;;;;;;§BIGBLIND§;§20§;§27530§;§2000+§;§30§;§0-10§;§-1§
§24§;§preflop§;§2§;§2§;§uuid-2§;§3§;§78940§;§2000+§;§30§;§0-10§;;;;;;§RAISE§;§58260§;§20680§;§2000+§;§58290§;§2000+§;§4+§
§24§;§preflop§;§3§;§3§;§uuid-3§;§4§;§9940§;§950-1000§;§58290§;§2000+§;;;;;;§CALL§;§9940§;§0§;§0-10§;§68230§;§2000+§;§0.0-0.2§
§24§;§preflop§;§4§;§4§;§uuid-4§;§5§;§1990§;§190-200§;§68230§;§2000+§;;;;;;§FOLD§;§0§;§1990§;§190-200§;§68230§;§2000+§;§-1§
§24§;§preflop§;§5§;§5§;§uuid-5§;§0§;§14000§;§1400-1500§;§68230§;§2000+§;;;;;;§FOLD§;§0§;§14000§;§1400-1500§;§68230§;§2000+§;§-1§
§24§;§preflop§;§6§;§6§;§uuid-0§;§1§;§185570§;§2000+§;§68230§;§2000+§;;;;;;§RAISE§;§185570§;§0§;§0-10§;§253800§;§2000+§;§2.5-3.0§
§24§;§preflop§;§7§;§7§;§uuid-1§;§2§;§27530§;§2000+§;§253800§;§2000+§;;;;;;§CALL§;§27530§;§0§;§0-10§;§281330§;§2000+§;§0.0-0.2§
§24§;§preflop§;§8§;§8§;§uuid-2§;§3§;§20680§;§2000+§;§281330§;§2000+§;;;;;;§CALL§;§20680§;§0§;§0-10§;§302010§;§2000+§;§0.0-0.2§
§25§;§preflop§;§0§;§0§;§uuid-1§;§1§;§16000§;§1600-1700§;§0§;§0-10§;;;;;;§SMALLBLIND§;§10§;§15990§;§1500-1600§;§10§;§0-10§;§-1§
§25§;§preflop§;§1§;§1§;§uuid-2§;§2§;§14000§;§1400-1500§;§10§;§0-10§;;;;;;§BIGBLIND§;§20§;§13980§;§1300-1400§;§30§;§0-10§;§-1§
§25§;§preflop§;§2§;§2§;§uuid-3§;§3§;§6000§;§600-650§;§30§;§0-10§;;;;;;§RAISE§;§480§;§5520§;§550-600§;§510§;§50-60§;§4+§
§25§;§preflop§;§3§;§3§;§uuid-4§;§4§;§1990§;§190-200§;§510§;§50-60§;;;;;;§RAISE§;§940§;§1050§;§100-110§;§1450§;§140-150§;§1.8-2.0§
§25§;§preflop§;§4§;§4§;§uuid-5§;§5§;§14000§;§1400-1500§;§1450§;§140-150§;;;;;;§RAISE§;§12600§;§1400§;§140-150§;§14050§;§1400-1500§;§4+§
§25§;§preflop§;§5§;§5§;§uuid-0§;§0§;§302010§;§2000+§;§14050§;§1400-1500§;;;;;;§RAISE§;§169820§;§132190§;§2000+§;§183870§;§2000+§;§4+§
§25§;§preflop§;§6§;§6§;§uuid-1§;§1§;§15990§;§1500-1600§;§183870§;§2000+§;;;;;;§FOLD§;§0§;§15990§;§1500-1600§;§183870§;§2000+§;§-1§
§25§;§preflop§;§7§;§7§;§uuid-2§;§2§;§13980§;§1300-1400§;§183870§;§2000+§;;;;;;§FOLD§;§0§;§13980§;§1300-1400§;§183870§;§2000+§;§-1§
§25§;§preflop§;§8§;§8§;§uuid-3§;§3§;§5520§;§550-600§;§183870§;§2000+§;;;;;;§CALL§;§5520§;§0§;§0-10§;§189390§;§2000+§;§0.0-0.2§
§25§;§preflop§;§9§;§9§;§uuid-4§;§4§;§1050§;§100-110§;§189390§;§2000+§;;;;;;§CALL§;§1050§;§0§;§0-10§;§190440§;§2000+§;§0.0-0.2§
§25§;§preflop§;§10§;§10§;§uuid-5§;§5§;§1400§;§140-150§;§190440§;§2000+§;;;;;;§FOLD§;§0§;§1400§;§140-150§;§190440§;§2000+§;§-1§
§26§;§preflop§;§0§;§0§;§uuid-2§;§1§;§13980§;§1300-1400§;§0§;§0-10§;;;;;;§SMALLBLIND§;§10§;§13970§;§1300-1400§;§10§;§0-10§;§-1§
§26§;§preflop§;§1§;§1§;§uuid-3§;§2§;§20020§;§2000+§;§10§;§0-10§;;;;;;§BIGBLIND§;§20§;§20000§;§2000+§;§30§;§0-10§;§-1§
§26§;§preflop§;§2§;§2§;§uuid-4§;§3§;§2000§;§200-250§;§30§;§0-10§;;;;;;§RAISE§;§960§;§1040§;§100-110§;§990§;§90-100§;§4+§
§26§;§preflop§;§3§;§3§;§uuid-5§;§4§;§1400§;§140-150§;§990§;§90-100§;;;;;;§CALL§;§960§;§440§;§40-50§;§1950§;§190-200§;§0.8-1.0§
§26§;§preflop§;§4§;§4§;§uuid-0§;§5§;§302610§;§2000+§;§1950§;§190-200§;;;;;;§RAISE§;§123500§;§179110§;§2000+§;§125450§;§2000+§;§4+§
§26§;§preflop§;§5§;§5§;§uuid-1§;§0§;§15990§;§1500-1600§;§125450§;§2000+§;;;;;;§FOLD§;§0§;§15990§;§1500-1600§;§125450§;§2000+§;§-1§
§26§;§preflop§;§6§;§6§;§uuid-2§;§1§;§13970§;§1300-1400§;§125450§;§2000+§;;;;;;§CALL§;§13970§;§0§;§0-10§;§139420§;§2000+§;§0.0-0.2§
§26§;§preflop§;§7§;§7§;§uuid-3§;§2§;§20000§;§2000+§;§139420§;§2000+§;;;;;;§CALL§;§20000§;§0§;§0-10§;§159420§;§2000+§;§0.0-0.2§
§26§;§preflop§;§8§;§8§;§uuid-4§;§3§;§1040§;§100-110§;§159420§;§2000+§;;;;;;§CALL§;§1040§;§0§;§0-10§;§160460§;§2000+§;§0.0-0.2§
§26§;§preflop§;§9§;§9§;§uuid-5§;§4§;§440§;§40-50§;§160460§;§2000+§;;;;;;§FOLD§;§0§;§440§;§40-50§;§160460§;§2000+§;§-1§
§27§;§preflop§;§0§;§0§;§uuid-3§;§1§;§4000§;§400-450§;§0§;§0-10§;;;;;;§SMALLBLIND§;§10§;§3990§;§350-400§;§10§;§0-10§;§-1§
§27§;§preflop§;§1§;§1§;§uuid-4§;§2§;§18000§;§1800-1900§;§10§;§0-10§;;;;;;§BIGBLIND§;§20§;§17980§;§1700-1800§;§30§;§0-10§;§-1§
§27§;§preflop§;§2§;§2§;§uuid-5§;§3§;§440§;§40-50§;§30§;§0-10§;;;;;;§RAISE§;§270§;§170§;§10-20§;§300§;§30-40§;§4+§
§27§;§preflop§;§3§;§3§;§uuid-0§;§4§;§294670§;§2000+§;§300§;§30-40§;;;;;;§RAISE§;§238680§;§55990§;§2000+§;§238980§;§2000+§;§4+§
§27§;§preflop§;§4§;§4§;§uuid-1§;§5§;§15990§;§1500-1600§;§238980§;§2000+§;;;;;;§FOLD§;§0§;§15990§;§1500-1600§;§238980§;§2000+§;§-1§
§27§;§preflop§;§5§;§5§;§uuid-2§;§0§;§44900§;§2000+§;§238980§;§2000+§;;;;;;§CALL§;§44900§;§0§;§0-10§;§283880§;§2000+§;§0.0-0.2§
§27§;§preflop§;§6§;§6§;§uuid-3§;§1§;§3990§;§350-400§;§283880§;§2000+§;;;;;;§CALL§;§3990§;§0§;§0-10§;§287870§;§2000+§;§0.0-0.2§
§27§;§preflop§;§7§;§7§;§uuid-4§;§2§;§17980§;§1700-1800§;§287870§;§2000+§;;;;;;§CALL§;§17980§;§0§;§0-10§;§305850§;§2000+§;§0.0-0.2§
§27§;§preflop§;§8§;§8§;§uuid-5§;§3§;§170§;§10-20§;§305850§;§2000+§;;;;;;§FOLD§;§0§;§170§;§10-20§;§305850§;§2000+§;§-1§
§28§;§preflop§;§0§;§0§;§uuid-4§;§1§;§2000§;§200-250§;§0§;§0-10§;;;;;;§SMALLBLIND§;§10§;§1990§;§190-200§;§10§;§0-10§;§-1§
§28§;§preflop§;§1§;§1§;§uuid-5§;§2§;§170§;§10-20§;§10§;§0-10§;;;;;;§BIGBLIND§;§20§;§150§;§10-20§;§30§;§0-10§;§-1§
§28§;§preflop§;§2§;§2§;§uuid-0§;§3§;§249770§;§2000+§;§30§;§0-10§;;;;;;§RAISE§;§221160§;§28610§;§2000+§;§221190§;§2000+§;§4+§
§28§;§preflop§;§3§;§3§;§uuid-1§;§4§;§15990§;§1500-1600§;§221190§;§2000+§;;;;;;§FOLD§;§0§;§15990§;§1500-1600§;§221190§;§2000+§;§-1§
§28§;§preflop§;§4§;§4§;§uuid-2§;§5§;§95800§;§2000+§;§221190§;§2000+§;;;;;;§FOLD§;§0§;§95800§;§2000+§;§221190§;§2000+§;§-1§
§28§;§preflop§;§5§;§5§;§uuid-3§;§0§;§16270§;§1600-1700§;§221190§;§2000+§;;;;;;§CALL§;§16270§;§0§;§0-10§;§237460§;§2000+§;§0.0-0.2§
§28§;§preflop§;§6§;§6§;§uuid-4§;§1§;§1990§;§190-200§;§237460§;§2000+§;;;;;;§FOLD§;§0§;§1990§;§190-200§;§237460§;§2000+§;§-1§
§28§;§preflop§;§7§;§7§;§uuid-5§;§2§;§150§;§10-20§;§237460§;§2000+§;;;;;;§CALL§;§150§;§0§;§0-10§;§237610§;§2000+§;§0.0-0.2§
§29§;§preflop§;§0§;§0§;§uuid-0§;§2§;§266220§;§2000+§;§0§;§0-10§;;;;;;§BIGBLIND§;§20§;§266200§;§2000+§;§20§;§0-10§;§-1§
§29§;§preflop§;§1§;§1§;§uuid-5§;§1§;§6000§;§600-650§;§20§;§0-10§;;;;;;§SMALLBLIND§;§10§;§5990§;§550-600§;§30§;§0-10§;§-1§
§29§;§preflop§;§2§;§2§;§uuid-1§;§3§;§15990§;§1500-1600§;§30§;§0-10§;;;;;;§RAISE§;§5910§;§10080§;§1000-1100§;§5940§;§550-600§;§4+§
§29§;§preflop§;§3§;§3§;§uuid-2§;§4§;§95800§;§2000+§;§5940§;§550-600§;;;;;;§RAISE§;§47200§;§48600§;§2000+§;§53140§;§2000+§;§4+§
§29§;§preflop§;§4§;§4§;§uuid-3§;§5§;§18000§;§1800-1900§;§53140§;§2000+§;;;;;;§CALL§;§18000§;§0§;§0-10§;§71140§;§2000+§;§0.2-0.4§
§29§;§preflop§;§5§;§5§;§uuid-4§;§0§;§1990§;§190-200§;§71140§;§2000+§;;;;;;§FOLD§;§0§;§1990§;§190-200§;§71140§;§2000+§;§-1§
§29§;§preflop§;§6§;§6§;§uuid-5§;§1§;§5990§;§550-600§;§71140§;§2000+§;;;;;;§CALL§;§5990§;§0§;§0-10§;§77130§;§2000+§;§0.0-0.2§
§29§;§preflop§;§7§;§7§;§uuid-0§;§2§;§266200§;§2000+§;§77130§;§2000+§;;;;;;§RAISE§;§265450§;§750§;§70-80§;§342580§;§2000+§;§3.0-3.5§
§29§;§preflop§;§8§;§8§;§uuid-1§;§3§;§10080§;§1000-1100§;§342580§;§2000+§;;;;;;§CALL§;§10080§;§0§;§0-10§;§352660§;§2000+§;§0.0-0.2§
§29§;§preflop§;§9§;§9§;§uuid-2§;§4§;§48600§;§2000+§;§352660§;§2000+§;;;;;;§CALL§;§48600§;§0§;§0-10§;§401260§;§2000+§;§0.0-0.2§
§30§;§preflop§;§0§;§0§;§uuid-0§;§1§;§170420§;§2000+§;§0§;§0-10§;;;;;;§SMALLBLIND§;§10§;§170410§;§2000+§;§10§;§0-10§;§-1§
§30§;§preflop§;§1§;§1§;§uuid-1§;§2§;§12000§;§1200-1300§;§10§;§0-10§;;;;;;§BIGBLIND§;§20§;§11980§;§1100-1200§;§30§;§0-10§;§-1§
§30§;§preflop§;§2§;§2§;§uuid-2§;§3§;§155600§;§2000+§;§30§;§0-10§;;;;;;§RAISE§;§27960§;§127640§;§2000+§;§27990§;§2000+§;§4+§
§30§;§preflop§;§3§;§3§;§uuid-3§;§4§;§45990§;§2000+§;§27990§;§2000+§;;;;;;§FOLD§;§0§;§45990§;§2000+§;§27990§;§2000+§;§-1§
§30§;§preflop§;§4§;§4§;§uuid-4§;§5§;§1990§;§190-200§;§27990§;§2000+§;;;;;;§FOLD§;§0§;§1990§;§190-200§;§27990§;§2000+§;§-1§
§30§;§preflop§;§5§;§5§;§uuid-5§;§0§;§30000§;§2000+§;§27990§;§2000+§;;;;;;§CALL§;§27960§;§2040§;§200-250§;§55950§;§2000+§;§0.8-1.0§
§30§;§preflop§;§6§;§6§;§uuid-0§;§1§;§170410§;§2000+§;§55950§;§2000+§;;;;;;§RAISE§;§167690§;§2720§;§250-300§;§223640§;§2000+§;§2.5-3.0§
§30§;§preflop§;§7§;§7§;§uuid-1§;§2§;§11980§;§1100-1200§;§223640§;§2000+§;;;;;;§FOLD§;§0§;§11980§;§1100-1200§;§223640§;§2000+§;§-1§
§30§;§preflop§;§8§;§8§;§uuid-2§;§3§;§127640§;§2000+§;§223640§;§2000+§;;;;;;§FOLD§;§0§;§127640§;§2000+§;§223640§;§2000+§;§-1§
§30§;§preflop§;§9§;§9§;§uuid-5§;§0§;§2040§;§200-250§;§223640§;§2000+§;;;;;;§CALL§;§2040§;§0§;§0-10§;§225680§;§2000+§;§0.0-0.2§
§31§;§preflop§;§0§;§0§;§uuid-1§;§1§;§11980§;§1100-1200§;§0§;§0-10§;;;;;;§SMALLBLIND§;§10§;§11970§;§1100-1200§;§10§;§0-10§;§-1§
§31§;§preflop§;§1§;§1§;§uuid-2§;§2§;§127640§;§2000+§;§10§;§0-10§;;;;;;§BIGBLIND§;§20§;§127620§;§2000+§;§30§;§0-10§;§-1§
§31§;§preflop§;§2§;§2§;§uuid-3§;§3§;§45990§;§2000+§;§30§;§0-10§;;;;;;§RAISE§;§34470§;§11520§;§1100-1200§;§34500§;§2000+§;§4+§
§31§;§preflop§;§3§;§3§;§uuid-4§;§4§;§1990§;§190-200§;§34500§;§2000+§;;;;;;§FOLD§;§0§;§1990§;§190-200§;§34500§;§2000+§;§-1§
§31§;§preflop§;§4§;§4§;§uuid-5§;§5§;§87980§;§2000+§;§34500§;§2000+§;;;;;;§CALL§;§34470§;§53510§;§2000+§;§68970§;§2000+§;§0.8-1.0§
§31§;§preflop§;§5§;§5§;§uuid-0§;§0§;§140420§;§2000+§;§68970§;§2000+§;;;;;;§RAISE§;§140420§;§0§;§0-10§;§209390§;§2000+§;§2.0-2.5§
§31§;§preflop§;§6§;§6§;§uuid-1§;§1§;§11970§;§1100-1200§;§209390§;§2000+§;;;;;;§FOLD§;§0§;§11970§;§1100-1200§;§209390§;§2000+§;§-1§
§31§;§preflop§;§7§;§7§;§uuid-2§;§2§;§127620§;§2000+§;§209390§;§2000+§;;;;;;§CALL§;§127620§;§0§;§0-10§;§337010§;§2000+§;§0.6-0.8§
§31§;§preflop§;§8§;§8§;§uuid-3§;§3§;§11520§;§1100-1200§;§337010§;§2000+§;;;;;;§CALL§;§11520§;§0§;§0-10§;§348530§;§2000+§;§0.0-0.2§
§31§;§preflop§;§9§;§9§;§uuid-5§;§5§;§53510§;§2000+§;§348530§;§2000+§;;;;;;§FOLD§;§0§;§53510§;§2000+§;§348530§;§2000+§;§-1§
§32§;§preflop§;§0§;§0§;§uuid-2§;§1§;§10000§;§1000-1100§;§0§;§0-10§;;;;;;§SMALLBLIND§;§10§;§9990§;§950-1000§;§10§;§0-10§;§-1§
§32§;§preflop§;§1§;§1§;§uuid-3§;§2§;§172450§;§2000+§;§10§;§0-10§;;;;;;§BIGBLIND§;§20§;§172430§;§2000+§;§30§;§0-10§;§-1§
§32§;§preflop§;§2§;§2§;§uuid-4§;§3§;§1990§;§190-200§;§30§;§0-10§;;;;;;§RAISE§;§1380§;§610§;§60-70§;§1410§;§140-150§;§4+§
§32§;§preflop§;§3§;§3§;§uuid-5§;§4§;§53510§;§2000+§;§1410§;§140-150§;;;;;;§RAISE§;§13700§;§39810§;§2000+§;§15110§;§1500-1600§;§4+§
§32§;§preflop§;§4§;§4§;§uuid-0§;§5§;§176080§;§2000+§;§15110§;§1500-1600§;;;;;;§RAISE§;§52040§;§124040§;§2000+§;§67150§;§2000+§;§3.0-3.5§
§32§;§preflop§;§5§;§5§;§uuid-1§;§0§;§11970§;§1100-1200§;§67150§;§2000+§;;;;;;§FOLD§;§0§;§11970§;§1100-1200§;§67150§;§2000+§;§-1§
§32§;§preflop§;§6§;§6§;§uuid-2§;§1§;§9990§;§950-1000§;§67150§;§2000+§;;;;;;§CALL§;§9990§;§0§;§0-10§;§77140§;§2000+§;§0.0-0.2§
§32§;§preflop§;§7§;§7§;§uuid-3§;§2§;§172430§;§2000+§;§77140§;§2000+§;;;;;;§FOLD§;§0§;§172430§;§2000+§;§77140§;§2000+§;§-1§
§32§;§preflop§;§8§;§8§;§uuid-4§;§3§;§610§;§60-70§;§77140§;§2000+§;;;;;;§CALL§;§610§;§0§;§0-10§;§77750§;§2000+§;§0.0-0.2§
§32§;§preflop§;§9§;§9§;§uuid-5§;§4§;§39810§;§2000+§;§77750§;§2000+§;;;;;;§CALL§;§38340§;§1470§;§140-150§;§116090§;§2000+§;§0.4-0.6§
§32§;§flop§;§0§;§10§;§uuid-5§;§4§;§1470§;§140-150§;§116090§;§2000+§;§DJ§;§H8§;§S5§;;;§RAISE§;§300§;§1170§;§110-120§;§116390§;§2000+§;§0.0-0.2§
§32§;§flop§;§1§;§11§;§uuid-0§;§5§;§124040§;§2000+§;§116390§;§2000+§;§DJ§;§H8§;§S5§;;;§RAISE§;§122400§;§1640§;§160-170§;§238790§;§2000+§;§1.0-1.2§
§32§;§flop§;§2§;§12§;§uuid-5§;§4§;§1170§;§110-120§;§238790§;§2000+§;§DJ§;§H8§;§S5§;;;§CALL§;§1170§;§0§;§0-10§;§239960§;§2000+§;§0.0-0.2§
§33§;§preflop§;§0§;§0§;§uuid-3§;§1§;§172430§;§2000+§;§0§;§0-10§;;;;;;§SMALLBLIND§;§10§;§172420§;§2000+§;§10§;§0-10§;§-1§
§33§;§preflop§;§1§;§1§;§uuid-4§;§2§;§7980§;§750-800§;§10§;§0-10§;;;;;;§BIGBLIND§;§20§;§7960§;§750-800§;§30§;§0-10§;§-1§
§33§;§preflop§;§2§;§2§;§uuid-5§;§3§;§111050§;§2000+§;§30§;§0-10§;;;;;;§RAISE§;§3750§;§107300§;§2000+§;§3780§;§350-400§;§4+§
§33§;§preflop§;§3§;§3§;§uuid-0§;§4§;§122570§;§2000+§;§3780§;§350-400§;;;;;;§RAISE§;§37400§;§85170§;§2000+§;§41180§;§2000+§;§4+§
§33§;§preflop§;§4§;§4§;§uuid-1§;§5§;§11970§;§1100-1200§;§41180§;§2000+§;;;;;;§CALL§;§11970§;§0§;§0-10§;§53150§;§2000+§;§0.2-0.4§
§33§;§preflop§;§5§;§5§;§uuid-2§;§0§;§16000§;§1600-1700§;§53150§;§2000+§;;;;;;§CALL§;§16000§;§0§;§0-10§;§69150§;§2000+§;§0.2-0.4§
§33§;§preflop§;§6§;§6§;§uuid-3§;§1§;§172420§;§2000+§;§69150§;§2000+§;;;;;;§RAISE§;§71040§;§101380§;§2000+§;§140190§;§2000+§;§1.0-1.2§
§33§;§preflop§;§7§;§7§;§uuid-4§;§2§;§7960§;§750-800§;§140190§;§2000+§;;;;;;§FOLD§;§0§;§7960§;§750-800§;§140190§;§2000+§;§-1§
§33§;§preflop§;§8§;§8§;§uuid-5§;§3§;§107300§;§2000+§;§140190§;§2000+§;;;;;;§CALL§;§67300§;§40000§;§2000+§;§207490§;§2000+§;§0.4-0.6§
§33§;§preflop§;§9§;§9§;§uuid-0§;§4§;§85170§;§2000+§;§207490§;§2000+§;;;;;;§CALL§;§33650§;§51520§;§2000+§;§241140§;§2000+§;§0.0-0.2§
§33§;§flop§;§0§;§10§;§uuid-3§;§1§;§101380§;§2000+§;§241140§;§2000+§;§C2§;§CJ§;§DT§;;;§RAISE§;§73480§;§27900§;§2000+§;§314620§;§2000+§;§0.2-0.4§
§33§;§flop§;§1§;§11§;§uuid-5§;§3§;§40000§;§2000+§;§314620§;§2000+§;§C2§;§CJ§;§DT§;;;§CALL§;§40000§;§0§;§0-10§;§354620§;§2000+§;§0.0-0.2§
§33§;§flop§;§2§;§12§;§uuid-0§;§4§;§51520§;§2000+§;§354620§;§2000+§;§C2§;§CJ§;§DT§;;;§FOLD§;§0§;§51520§;§2000+§;§354620§;§2000+§;§-1§
§34§;§preflop§;§0§;§0§;§uuid-4§;§1§;§7960§;§750-800§;§0§;§0-10§;;;;;;§SMALLBLIND§;§10§;§7950§;§750-800§;§10§;§0-10§;§-1§
§34§;§preflop§;§1§;§1§;§uuid-5§;§2§;§10000§;§1000-1100§;§10§;§0-10§;;;;;;§BIGBLIND§;§20§;§9980§;§950-1000§;§30§;§0-10§;§-1§
§34§;§preflop§;§2§;§2§;§uuid-0§;§3§;§51520§;§2000+§;§30§;§0-10§;;;;;;§RAISE§;§26850§;§24670§;§2000+§;§26880§;§2000+§;§4+§
§34§;§preflop§;§3§;§3§;§uuid-1§;§4§;§6000§;§600-650§;§26880§;§2000+§;;;;;;§FOLD§;§0§;§6000§;§600-650§;§26880§;§2000+§;§-1§
§34§;§preflop§;§4§;§4§;§uuid-2§;§5§;§75990§;§2000+§;§26880§;§2000+§;;;;;;§RAISE§;§53680§;§22310§;§2000+§;§80560§;§2000+§;§1.8-2.0§
§34§;§preflop§;§5§;§5§;§uuid-3§;§0§;§306530§;§2000+§;§80560§;§2000+§;;;;;;§RAISE§;§306530§;§0§;§0-10§;§387090§;§2000+§;§3.5-4.0§
§34§;§preflop§;§6§;§6§;§uuid-4§;§1§;§7950§;§750-800§;§387090§;§2000+§;;;;;;§FOLD§;§0§;§7950§;§750-800§;§387090§;§2000+§;§-1§
§34§;§preflop§;§7§;§7§;§uuid-5§;§2§;§9980§;§950-1000§;§387090§;§2000+§;;;;;;§CALL§;§9980§;§0§;§0-10§;§397070§;§2000+§;§0.0-0.2§
§34§;§preflop§;§8§;§8§;§uuid-0§;§3§;§24670§;§2000+§;§397070§;§2000+§;;;;;;§CALL§;§24670§;§0§;§0-10§;§421740§;§2000+§;§0.0-0.2§
§34§;§preflop§;§9§;§9§;§uuid-2§;§5§;§22310§;§2000+§;§421740§;§2000+§;;;;;;§CALL§;§22310§;§0§;§0-10§;§444050§;§2000+§;§0.0-0.2§
§35§;§preflop§;§0§;§0§;§uuid-0§;§2§;§18000§;§1800-1900§;§0§;§0-10§;;;;;;§BIGBLIND§;§20§;§17980§;§1700-1800§;§20§;§0-10§;§-1§
§35§;§preflop§;§1§;§1§;§uuid-5§;§1§;§40010§;§2000+§;§20§;§0-10§;;;;;;§SMALLBLIND§;§10§;§40000§;§2000+§;§30§;§0-10§;§-1§
§35§;§preflop§;§2§;§2§;§uuid-1§;§3§;§6000§;§600-650§;§30§;§0-10§;;;;;;§RAISE§;§2520§;§3480§;§300-350§;§2550§;§250-300§;§4+§
§35§;§preflop§;§3§;§3§;§uuid-2§;§4§;§20000§;§2000+§;§2550§;§250-300§;;;;;;§CALL§;§2520§;§17480§;§1700-1800§;§5070§;§500-550§;§0.8-1.0§
§35§;§preflop§;§4§;§4§;§uuid-3§;§5§;§404040§;§2000+§;§5070§;§500-550§;;;;;;§RAISE§;§135540§;§268500§;§2000+§;§140610§;§2000+§;§4+§
§35§;§preflop§;§5§;§5§;§uuid-4§;§0§;§7950§;§750-800§;§140610§;§2000+§;;;;;;§CALL§;§7950§;§0§;§0-10§;§148560§;§2000+§;§0.0-0.2§
§35§;§preflop§;§6§;§6§;§uuid-5§;§1§;§40000§;§2000+§;§148560§;§2000+§;;;;;;§CALL§;§40000§;§0§;§0-10§;§188560§;§2000+§;§0.2-0.4§
§35§;§preflop§;§7§;§7§;§uuid-0§;§2§;§17980§;§1700-1800§;§188560§;§2000+§;;;;;;§FOLD§;§0§;§17980§;§1700-1800§;§188560§;§2000+§;§-1§
§35§;§preflop§;§8§;§8§;§uuid-1§;§3§;§3480§;§300-350§;§188560§;§2000+§;;;;;;§CALL§;§3480§;§0§;§0-10§;§192040§;§2000+§;§0.0-0.2§
§35§;§preflop§;§9§;§9§;§uuid-2§;§4§;§17480§;§1700-1800§;§192040§;§2000+§;;;;;;§FOLD§;§0§;§17480§;§1700-1800§;§192040§;§2000+§;§-1§
§36§;§preflop§;§0§;§0§;§uuid-0§;§1§;§17980§;§1700-1800§;§0§;§0-10§;;;;;;§SMALLBLIND§;§10§;§17970§;§1700-1800§;§10§;§0-10§;§-1§
§36§;§preflop§;§1§;§1§;§uuid-1§;§2§;§6000§;§600-650§;§10§;§0-10§;;;;;;§BIGBLIND§;§20§;§5980§;§550-600§;§30§;§0-10§;§-1§
§36§;§preflop§;§2§;§2§;§uuid-2§;§3§;§17480§;§1700-1800§;§30§;§0-10§;;;;;;§RAISE§;§750§;§16730§;§1600-1700§;§780§;§70-80§;§4+§
§36§;§preflop§;§3§;§3§;§uuid-3§;§4§;§428150§;§2000+§;§780§;§70-80§;;;;;;§RAISE§;§102120§;§326030§;§2000+§;§102900§;§2000+§;§4+§
§36§;§preflop§;§4§;§4§;§uuid-4§;§5§;§32390§;§2000+§;§102900§;§2000+§;;;;;;§FOLD§;§0§;§32390§;§2000+§;§102900§;§2000+§;§-1§
§36§;§preflop§;§5§;§5§;§uuid-5§;§0§;§8000§;§800-850§;§102900§;§2000+§;;;;;;§FOLD§;§0§;§8000§;§800-850§;§102900§;§2000+§;§-1§
§36§;§preflop§;§6§;§6§;§uuid-0§;§1§;§17970§;§1700-1800§;§102900§;§2000+§;;;;;;§FOLD§;§0§;§17970§;§1700-1800§;§102900§;§2000+§;§-1§
§36§;§preflop§;§7§;§7§;§uuid-1§;§2§;§5980§;§550-600§;§102900§;§2000+§;;;;;;§FOLD§;§0§;§5980§;§550-600§;§102900§;§2000+§;§-1§
§36§;§preflop§;§8§;§8§;§uuid-2§;§3§;§16730§;§1600-1700§;§102900§;§2000+§;;;;;;§FOLD§;§0§;§16730§;§1600-1700§;§102900§;§2000+§;§-1§
§37§;§preflop§;§0§;§0§;§uuid-1§;§1§;§5980§;§550-600§;§0§;§0-10§;;;;;;§SMALLBLIND§;§10§;§5970§;§550-600§;§10§;§0-10§;§-1§
§37§;§preflop§;§1§;§1§;§uuid-2§;§2§;§16730§;§1600-1700§;§10§;§0-10§;;;;;;§BIGBLIND§;§20§;§16710§;§1600-1700§;§30§;§0-10§;§-1§
§37§;§preflop§;§2§;§2§;§uuid-3§;§3§;§428930§;§2000+§;§30§;§0-10§;;;;;;§RAISE§;§241380§;§187550§;§2000+§;§241410§;§2000+§;§4+§
§37§;§preflop§;§3§;§3§;§uuid-4§;§4§;§32390§;§2000+§;§241410§;§2000+§;;;;;;§FOLD§;§0§;§32390§;§2000+§;§241410§;§2000+§;§-1§
§37§;§preflop§;§4§;§4§;§uuid-5§;§5§;§8000§;§800-850§;§241410§;§2000+§;;;;;;§FOLD§;§0§;§8000§;§800-850§;§241410§;§2000+§;§-1§
§37§;§preflop§;§5§;§5§;§uuid-0§;§0§;§17970§;§1700-1800§;§241410§;§2000+§;;;;;;§FOLD§;§0§;§17970§;§1700-1800§;§241410§;§2000+§;§-1§
§37§;§preflop§;§6§;§6§;§uuid-1§;§1§;§5970§;§550-600§;§241410§;§2000+§;;;;;;§FOLD§;§0§;§5970§;§550-600§;§241410§;§2000+§;§-1§
§37§;§preflop§;§7§;§7§;§uuid-2§;§2§;§16710§;§1600-1700§;§241410§;§2000+§;;;;;;§FOLD§;§0§;§16710§;§1600-1700§;§241410§;§2000+§;§-1§
§38§;§preflop§;§0§;§0§;§uuid-2§;§1§;§16710§;§1600-1700§;§0§;§0-10§;;;;;;§SMALLBLIND§;§10§;§16700§;§1600-1700§;§10§;§0-10§;§-1§
§38§;§preflop§;§1§;§1§;§uuid-3§;§2§;§428960§;§2000+§;§10§;§0-10§;;;;;;§BIGBLIND§;§20§;§428940§;§2000+§;§30§;§0-10§;§-1§
§38§;§preflop§;§2§;§2§;§uuid-4§;§3§;§32390§;§2000+§;§30§;§0-10§;;;;;;§RAISE§;§4230§;§28160§;§2000+§;§4260§;§400-450§;§4+§
§38§;§preflop§;§3§;§3§;§uuid-5§;§4§;§8000§;§800-850§;§4260§;§400-450§;;;;;;§CALL§;§4230§;§3770§;§350-400§;§8490§;§800-850§;§0.8-1.0§
§38§;§preflop§;§4§;§4§;§uuid-0§;§5§;§17970§;§1700-1800§;§8490§;§800-850§;;;;;;§RAISE§;§8440§;§9530§;§950-1000§;§16930§;§1600-1700§;§0.8-1.0§
§38§;§preflop§;§5§;§5§;§uuid-1§;§0§;§5970§;§550-600§;§16930§;§1600-1700§;;;;;;§FOLD§;§0§;§5970§;§550-600§;§16930§;§1600-1700§;§-1§
§38§;§preflop§;§6§;§6§;§uuid-2§;§1§;§16700§;§1600-1700§;§16930§;§1600-1700§;;;;;;§CALL§;§8430§;§8270§;§800-850§;§25360§;§2000+§;§0.4-0.6§
§38§;§preflop§;§7§;§7§;§uuid-3§;§2§;§428940§;§2000+§;§25360§;§2000+§;;;;;;§RAISE§;§227680§;§201260§;§2000+§;§253040§;§2000+§;§4+§
§38§;§preflop§;§8§;§8§;§uuid-4§;§3§;§28160§;§2000+§;§253040§;§2000+§;;;;;;§CALL§;§28160§;§0§;§0-10§;§281200§;§2000+§;§0.0-0.2§
§38§;§preflop§;§9§;§9§;§uuid-5§;§4§;§3770§;§350-400§;§281200§;§2000+§;;;;;;§FOLD§;§0§;§3770§;§350-400§;§281200§;§2000+§;§-1§
§38§;§preflop§;§10§;§10§;§uuid-0§;§5§;§9530§;§950-1000§;§281200§;§2000+§;;;;;;§CALL§;§9530§;§0§;§0-10§;§290730§;§2000+§;§0.0-0.2§
§38§;§preflop§;§11§;§11§;§uuid-2§;§1§;§8270§;§800-850§;§290730§;§2000+§;;;;;;§FOLD§;§0§;§8270§;§800-850§;§290730§;§2000+§;§-1§
§39§;§preflop§;§0§;§0§;§uuid-3§;§1§;§491990§;§2000+§;§0§;§0-10§;;;;;;§SMALLBLIND§;§10§;§491980§;§2000+§;§10§;§0-10§;§-1§
§39§;§preflop§;§1§;§1§;§uuid-4§;§2§;§12000§;§1200-1300§;§10§;§0-10§;;;;;;§BIGBLIND§;§20§;§11980§;§1100-1200§;§30§;§0-10§;§-1§
§39§;§preflop§;§2§;§2§;§uuid-5§;§3§;§3770§;§350-400§;§30§;§0-10§;;;;;;§RAISE§;§2220§;§1550§;§150-160§;§2250§;§200-250§;§4+§
§39§;§preflop§;§3§;§3§;§uuid-0§;§4§;§12000§;§1200-1300§;§2250§;§200-250§;;;;;;§CALL§;§2220§;§9780§;§950-1000§;§4470§;§400-450§;§0.8-1.0§
§39§;§preflop§;§4§;§4§;§uuid-1§;§5§;§5970§;§550-600§;§4470§;§400-450§;;;;;;§FOLD§;§0§;§5970§;§550-600§;§4470§;§400-450§;§-1§
§39§;§preflop§;§5§;§5§;§uuid-2§;§0§;§8270§;§800-850§;§4470§;§400-450§;;;;;;§CALL§;§2220§;§6050§;§600-650§;§6690§;§650-700§;§0.4-0.6§
§39§;§preflop§;§6§;§6§;§uuid-3§;§1§;§491980§;§2000+§;§6690§;§650-700§;;;;;;§RAISE§;§207730§;§284250§;§2000+§;§214420§;§2000+§;§4+§
§39§;§preflop§;§7§;§7§;§uuid-4§;§2§;§11980§;§1100-1200§;§214420§;§2000+§;;;;;;§FOLD§;§0§;§11980§;§1100-1200§;§214420§;§2000+§;§-1§
§39§;§preflop§;§8§;§8§;§uuid-5§;§3§;§1550§;§150-160§;§214420§;§2000+§;;;;;;§CALL§;§1550§;§0§;§0-10§;§215970§;§2000+§;§0.0-0.2§
§39§;§preflop§;§9§;§9§;§uuid-0§;§4§;§9780§;§950-1000§;§215970§;§2000+§;;;;;;§CALL§;§9780§;§0§;§0-10§;§225750§;§2000+§;§0.0-0.2§
§39§;§preflop§;§10§;§10§;§uuid-2§;§0§;§6050§;§600-650§;§225750§;§2000+§;;;;;;§CALL§;§6050§;§0§;§0-10§;§231800§;§2000+§;§0.0-0.2§
§40§;§preflop§;§0§;§0§;§uuid-4§;§1§;§11980§;§1100-1200§;§0§;§0-10§;;;;;;§SMALLBLIND§;§10§;§11970§;§1100-1200§;§10§;§0-10§;§-1§
§40§;§preflop§;§1§;§1§;§uuid-5§;§2§;§15100§;§1500-1600§;§10§;§0-10§;;;;;;§BIGBLIND§;§20§;§15080§;§1500-1600§;§30§;§0-10§;§-1§
§40§;§preflop§;§2§;§2§;§uuid-0§;§3§;§20960§;§2000+§;§30§;§0-10§;;;;;;§RAISE§;§10320§;§10640§;§1000-1100§;§10350§;§1000-1100§;§4+§
§40§;§preflop§;§3§;§3§;§uuid-1§;§4§;§5970§;§550-600§;§10350§;§1000-1100§;;;;;;§CALL§;§5970§;§0§;§0-10§;§16320§;§1600-1700§;§0.4-0.6§
§40§;§preflop§;§4§;§4§;§uuid-2§;§5§;§10000§;§1000-1100§;§16320§;§1600-1700§;;;;;;§CALL§;§10000§;§0§;§0-10§;§26320§;§2000+§;§0.6-0.8§
§40§;§preflop§;§5§;§5§;§uuid-3§;§0§;§479990§;§2000+§;§26320§;§2000+§;;;;;;§RAISE§;§41240§;§438750§;§2000+§;§67560§;§2000+§;§1.4-1.6§
§40§;§preflop§;§6§;§6§;§uuid-4§;§1§;§11970§;§1100-1200§;§67560§;§2000+§;;;;;;§FOLD§;§0§;§11970§;§1100-1200§;§67560§;§2000+§;§-1§
§40§;§preflop§;§7§;§7§;§uuid-5§;§2§;§15080§;§1500-1600§;§67560§;§2000+§;;;;;;§FOLD§;§0§;§15080§;§1500-1600§;§67560§;§2000+§;§-1§
§40§;§preflop§;§8§;§8§;§uuid-0§;§3§;§10640§;§1000-1100§;§67560§;§2000+§;;;;;;§CALL§;§10640§;§0§;§0-10§;§78200§;§2000+§;§0.0-0.2§
§41§;§preflop§;§0§;§0§;§uuid-0§;§2§;§18000§;§1800-1900§;§0§;§0-10§;;;;;;§BIGBLIND§;§20§;§17980§;§1700-1800§;§20§;§0-10§;§-1§
§41§;§preflop§;§1§;§1§;§uuid-5§;§1§;§15080§;§1500-1600§;§20§;§0-10§;;;;;;§SMALLBLIND§;§10§;§15070§;§1500-1600§;§30§;§0-10§;§-1§
§41§;§preflop§;§2§;§2§;§uuid-1§;§3§;§23910§;§2000+§;§30§;§0-10§;;;;;;§RAISE§;§4710§;§19200§;§1900-2000§;§4740§;§450-500§;§4+§
§41§;§preflop§;§3§;§3§;§uuid-2§;§4§;§18000§;§1800-1900§;§4740§;§450-500§;;;;;;§RAISE§;§18000§;§0§;§0-10§;§22740§;§2000+§;§3.5-4.0§
§41§;§preflop§;§4§;§4§;§uuid-3§;§5§;§493040§;§2000+§;§22740§;§2000+§;;;;;;§RAISE§;§219030§;§274010§;§2000+§;§241770§;§2000+§;§4+§
§41§;§preflop§;§5§;§5§;§uuid-4§;§0§;§11970§;§1100-1200§;§241770§;§2000+§;;;;;;§CALL§;§11970§;§0§;§0-10§;§253740§;§2000+§;§0.0-0.2§
§41§;§preflop§;§6§;§6§;§uuid-5§;§1§;§15070§;§1500-1600§;§253740§;§2000+§;;;;;;§FOLD§;§0§;§15070§;§1500-1600§;§253740§;§2000+§;§-1§
§41§;§preflop§;§7§;§7§;§uuid-0§;§2§;§17980§;§1700-1800§;§253740§;§2000+§;;;;;;§CALL§;§17980§;§0§;§0-10§;§271720§;§2000+§;§0.0-0.2§
§41§;§preflop§;§8§;§8§;§uuid-1§;§3§;§19200§;§1900-2000§;§271720§;§2000+§;;;;;;§CALL§;§19200§;§0§;§0-10§;§290920§;§2000+§;§0.0-0.2§
§42§;§preflop§;§0§;§0§;§uuid-0§;§1§;§10000§;§1000-1100§;§0§;§0-10§;;;;;;§SMALLBLIND§;§10§;§9990§;§950-1000§;§10§;§0-10§;§-1§
§42§;§preflop§;§1§;§1§;§uuid-1§;§2§;§18000§;§1800-1900§;§10§;§0-10§;;;;;;§BIGBLIND§;§20§;§17980§;§1700-1800§;§30§;§0-10§;§-1§
§42§;§preflop§;§2§;§2§;§uuid-2§;§3§;§24120§;§2000+§;§30§;§0-10§;;;;;;§RAISE§;§18840§;§5280§;§500-550§;§18870§;§1800-1900§;§4+§
§42§;§preflop§;§3§;§3§;§uuid-3§;§4§;§480950§;§2000+§;§18870§;§1800-1900§;;;;;;§RAISE§;§338940§;§142010§;§2000+§;§357810§;§2000+§;§4+§
§42§;§preflop§;§4§;§4§;§uuid-4§;§5§;§59860§;§2000+§;§357810§;§2000+§;;;;;;§CALL§;§59860§;§0§;§0-10§;§417670§;§2000+§;§0.0-0.2§
§42§;§preflop§;§5§;§5§;§uuid-5§;§0§;§15070§;§1500-1600§;§417670§;§2000+§;;;;;;§FOLD§;§0§;§15070§;§1500-1600§;§417670§;§2000+§;§-1§
§42§;§preflop§;§6§;§6§;§uuid-0§;§1§;§9990§;§950-1000§;§417670§;§2000+§;;;;;;§FOLD§;§0§;§9990§;§950-1000§;§417670§;§2000+§;§-1§
§42§;§preflop§;§7§;§7§;§uuid-1§;§2§;§17980§;§1700-1800§;§417670§;§2000+§;;;;;;§FOLD§;§0§;§17980§;§1700-1800§;§417670§;§2000+§;§-1§
§42§;§preflop§;§8§;§8§;§uuid-2§;§3§;§5280§;§500-550§;§417670§;§2000+§;;;;;;§CALL§;§5280§;§0§;§0-10§;§422950§;§2000+§;§0.0-0.2§
§43§;§preflop§;§0§;§0§;§uuid-1§;§1§;§17980§;§1700-1800§;§0§;§0-10§;;;;;;§SMALLBLIND§;§10§;§17970§;§1700-1800§;§10§;§0-10§;§-1§
§43§;§preflop§;§1§;§1§;§uuid-2§;§2§;§8000§;§800-850§;§10§;§0-10§;;;;;;§BIGBLIND§;§20§;§7980§;§750-800§;§30§;§0-10§;§-1§
§43§;§preflop§;§2§;§2§;§uuid-3§;§3§;§564960§;§2000+§;§30§;§0-10§;;;;;;§RAISE§;§518610§;§46350§;§2000+§;§518640§;§2000+§;§4+§
§43§;§preflop§;§3§;§3§;§uuid-4§;§4§;§12000§;§1200-1300§;§518640§;§2000+§;;;;;;§FOLD§;§0§;§12000§;§1200-1300§;§518640§;§2000+§;§-1§
§43§;§preflop§;§4§;§4§;§uuid-5§;§5§;§15070§;§1500-1600§;§518640§;§2000+§;;;;;;§FOLD§;§0§;§15070§;§1500-1600§;§518640§;§2000+§;§-1§
§43§;§preflop§;§5§;§5§;§uuid-0§;§0§;§9990§;§950-1000§;§518640§;§2000+§;;;;;;§FOLD§;§0§;§9990§;§950-1000§;§518640§;§2000+§;§-1§
§43§;§preflop§;§6§;§6§;§uuid-1§;§1§;§17970§;§1700-1800§;§518640§;§2000+§;;;;;;§CALL§;§17970§;§0§;§0-10§;§536610§;§2000+§;§0.0-0.2§
§43§;§preflop§;§7§;§7§;§uuid-2§;§2§;§7980§;§750-800§;§536610§;§2000+§;;;;;;§CALL§;§7980§;§0§;§0-10§;§544590§;§2000+§;§0.0-0.2§
§44§;§preflop§;§0§;§0§;§uuid-2§;§1§;§24000§;§2000+§;§0§;§0-10§;;;;;;§SMALLBLIND§;§10§;§23990§;§2000+§;§10§;§0-10§;§-1§
§44§;§preflop§;§1§;§1§;§uuid-3§;§2§;§546980§;§2000+§;§10§;§0-10§;;;;;;§BIGBLIND§;§20§;§546960§;§2000+§;§30§;§0-10§;§-1§
§44§;§preflop§;§2§;§2§;§uuid-4§;§3§;§12000§;§1200-1300§;§30§;§0-10§;;;;;;§RAISE§;§10110§;§1890§;§180-190§;§10140§;§1000-1100§;§4+§
§44§;§preflop§;§3§;§3§;§uuid-5§;§4§;§15070§;§1500-1600§;§10140§;§1000-1100§;;;;;;§CALL§;§10110§;§4960§;§450-500§;§20250§;§2000+§;§0.8-1.0§
§44§;§preflop§;§4§;§4§;§uuid-0§;§5§;§9990§;§950-1000§;§20250§;§2000+§;;;;;;§CALL§;§9990§;§0§;§0-10§;§30240§;§2000+§;§0.4-0.6§
§44§;§preflop§;§5§;§5§;§uuid-1§;§0§;§19960§;§1900-2000§;§30240§;§2000+§;;;;;;§FOLD§;§0§;§19960§;§1900-2000§;§30240§;§2000+§;§-1§
§44§;§preflop§;§6§;§6§;§uuid-2§;§1§;§23990§;§2000+§;§30240§;§2000+§;;;;;;§CALL§;§10100§;§13890§;§1300-1400§;§40340§;§2000+§;§0.2-0.4§
§44§;§preflop§;§7§;§7§;§uuid-3§;§2§;§546960§;§2000+§;§40340§;§2000+§;;;;;;§RAISE§;§546960§;§0§;§0-10§;§587300§;§2000+§;§4+§
§44§;§preflop§;§8§;§8§;§uuid-4§;§3§;§1890§;§180-190§;§587300§;§2000+§;;;;;;§FOLD§;§0§;§1890§;§180-190§;§587300§;§2000+§;§-1§
§44§;§preflop§;§9§;§9§;§uuid-5§;§4§;§4960§;§450-500§;§587300§;§2000+§;;;;;;§CALL§;§4960§;§0§;§0-10§;§592260§;§2000+§;§0.0-0.2§
§44§;§preflop§;§10§;§10§;§uuid-2§;§1§;§13890§;§1300-1400§;§592260§;§2000+§;;;;;;§FOLD§;§0§;§13890§;§1300-1400§;§592260§;§2000+§;§-1§
§45§;§preflop§;§0§;§0§;§uuid-3§;§1§;§531910§;§2000+§;§0§;§0-10§;;;;;;§SMALLBLIND§;§10§;§531900§;§2000+§;§10§;§0-10§;§-1§
§45§;§preflop§;§1§;§1§;§uuid-4§;§2§;§1890§;§180-190§;§10§;§0-10§;;;;;;§BIGBLIND§;§20§;§1870§;§180-190§;§30§;§0-10§;§-1§
§45§;§preflop§;§2§;§2§;§uuid-5§;§3§;§10400§;§1000-1100§;§30§;§0-10§;;;;;;§RAISE§;§900§;§9500§;§950-1000§;§930§;§90-100§;§4+§
§45§;§preflop§;§3§;§3§;§uuid-0§;§4§;§49950§;§2000+§;§930§;§90-100§;;;;;;§RAISE§;§35600§;§14350§;§1400-1500§;§36530§;§2000+§;§4+§
§45§;§preflop§;§4§;§4§;§uuid-1§;§5§;§19960§;§1900-2000§;§36530§;§2000+§;;;;;;§CALL§;§19960§;§0§;§0-10§;§56490§;§2000+§;§0.4-0.6§
§45§;§preflop§;§5§;§5§;§uuid-2§;§0§;§13890§;§1300-1400§;§56490§;§2000+§;;;;;;§CALL§;§13890§;§0§;§0-10§;§70380§;§2000+§;§0.2-0.4§
§45§;§preflop§;§6§;§6§;§uuid-3§;§1§;§531900§;§2000+§;§70380§;§2000+§;;;;;;§RAISE§;§70290§;§461610§;§2000+§;§140670§;§2000+§;§0.8-1.0§
§45§;§preflop§;§7§;§7§;§uuid-4§;§2§;§1870§;§180-190§;§140670§;§2000+§;;;;;;§FOLD§;§0§;§1870§;§180-190§;§140670§;§2000+§;§-1§
§45§;§preflop§;§8§;§8§;§uuid-5§;§3§;§9500§;§950-1000§;§140670§;§2000+§;;;;;;§FOLD§;§0§;§9500§;§950-1000§;§140670§;§2000+§;§-1§
§45§;§preflop§;§9§;§9§;§uuid-0§;§4§;§14350§;§1400-1500§;§140670§;§2000+§;;;;;;§CALL§;§14350§;§0§;§0-10§;§155020§;§2000+§;§0.0-0.2§
§46§;§preflop§;§0§;§0§;§uuid-4§;§1§;§1870§;§180-190§;§0§;§0-10§;;;;;;§SMALLBLIND§;§10§;§1860§;§180-190§;§10§;§0-10§;§-1§
§46§;§preflop§;§1§;§1§;§uuid-5§;§2§;§9500§;§950-1000§;§10§;§0-10§;;;;;;§BIGBLIND§;§20§;§9480§;§900-950§;§30§;§0-10§;§-1§
§46§;§preflop§;§2§;§2§;§uuid-0§;§3§;§59980§;§2000+§;§30§;§0-10§;;;;;;§RAISE§;§31170§;§28810§;§2000+§;§31200§;§2000+§;§4+§
§46§;§preflop§;§3§;§3§;§uuid-1§;§4§;§74690§;§2000+§;§31200§;§2000+§;;;;;;§CALL§;§31170§;§43520§;§2000+§;§62370§;§2000+§;§0.8-1.0§
§46§;§preflop§;§4§;§4§;§uuid-2§;§5§;§16000§;§1600-1700§;§62370§;§2000+§;;;;;;§CALL§;§16000§;§0§;§0-10§;§78370§;§2000+§;§0.2-0.4§
§46§;§preflop§;§5§;§5§;§uuid-3§;§0§;§481960§;§2000+§;§78370§;§2000+§;;;;;;§RAISE§;§481960§;§0§;§0-10§;§560330§;§2000+§;§4+§
§46§;§preflop§;§6§;§6§;§uuid-4§;§1§;§1860§;§180-190§;§560330§;§2000+§;;;;;;§FOLD§;§0§;§1860§;§180-190§;§560330§;§2000+§;§-1§
§46§;§preflop§;§7§;§7§;§uuid-5§;§2§;§9480§;§900-950§;§560330§;§2000+§;;;;;;§CALL§;§9480§;§0§;§0-10§;§569810§;§2000+§;§0.0-0.2§
§46§;§preflop§;§8§;§8§;§uuid-0§;§3§;§28810§;§2000+§;§569810§;§2000+§;;;;;;§FOLD§;§0§;§28810§;§2000+§;§569810§;§2000+§;§-1§
§46§;§preflop§;§9§;§9§;§uuid-1§;§4§;§43520§;§2000+§;§569810§;§2000+§;;;;;;§FOLD§;§0§;§43520§;§2000+§;§569810§;§2000+§;§-1§
§47§;§preflop§;§0§;§0§;§uuid-0§;§2§;§28810§;§2000+§;§0§;§0-10§;;;;;;§BIGBLIND§;§20§;§28790§;§2000+§;§20§;§0-10§;§-1§
§47§;§preflop§;§1§;§1§;§uuid-5§;§1§;§47510§;§2000+§;§20§;§0-10§;;;;;;§SMALLBLIND§;§10§;§47500§;§2000+§;§30§;§0-10§;§-1§
§47§;§preflop§;§2§;§2§;§uuid-1§;§3§;§43520§;§2000+§;§30§;§0-10§;;;;;;§RAISE§;§37200§;§6320§;§600-650§;§37230§;§2000+§;§4+§
§47§;§preflop§;§3§;§3§;§uuid-2§;§4§;§2000§;§200-250§;§37230§;§2000+§;;;;;;§FOLD§;§0§;§2000§;§200-250§;§37230§;§2000+§;§-1§
§47§;§preflop§;§4§;§4§;§uuid-3§;§5§;§522300§;§2000+§;§37230§;§2000+§;;;;;;§RAISE§;§446280§;§76020§;§2000+§;§483510§;§2000+§;§4+§
§47§;§preflop§;§5§;§5§;§uuid-4§;§0§;§1860§;§180-190§;§483510§;§2000+§;;;;;;§FOLD§;§0§;§1860§;§180-190§;§483510§;§2000+§;§-1§
§47§;§preflop§;§6§;§6§;§uuid-5§;§1§;§47500§;§2000+§;§483510§;§2000+§;;;;;;§FOLD§;§0§;§47500§;§2000+§;§483510§;§2000+§;§-1§
§47§;§preflop§;§7§;§7§;§uuid-0§;§2§;§28790§;§2000+§;§483510§;§2000+§;;;;;;§CALL§;§28790§;§0§;§0-10§;§512300§;§2000+§;§0.0-0.2§
§47§;§preflop§;§8§;§8§;§uuid-1§;§3§;§6320§;§600-650§;§512300§;§2000+§;;;;;;§CALL§;§6320§;§0§;§0-10§;§518620§;§2000+§;§0.0-0.2§
§48§;§preflop§;§0§;§0§;§uuid-0§;§1§;§86440§;§2000+§;§0§;§0-10§;;;;;;§SMALLBLIND§;§10§;§86430§;§2000+§;§10§;§0-10§;§-1§
§48§;§preflop§;§1§;§1§;§uuid-1§;§2§;§14000§;§1400-1500§;§10§;§0-10§;;;;;;§BIGBLIND§;§20§;§13980§;§1300-1400§;§30§;§0-10§;§-1§
§48§;§preflop§;§2§;§2§;§uuid-2§;§3§;§2000§;§200-250§;§30§;§0-10§;;;;;;§RAISE§;§1770§;§230§;§20-30§;§1800§;§180-190§;§4+§
§48§;§preflop§;§3§;§3§;§uuid-3§;§4§;§508200§;§2000+§;§1800§;§180-190§;;;;;;§RAISE§;§168960§;§339240§;§2000+§;§170760§;§2000+§;§4+§
§48§;§preflop§;§4§;§4§;§uuid-4§;§5§;§1860§;§180-190§;§170760§;§2000+§;;;;;;§FOLD§;§0§;§1860§;§180-190§;§170760§;§2000+§;§-1§
§48§;§preflop§;§5§;§5§;§uuid-5§;§0§;§47500§;§2000+§;§170760§;§2000+§;;;;;;§FOLD§;§0§;§47500§;§2000+§;§170760§;§2000+§;§-1§
§48§;§preflop§;§6§;§6§;§uuid-0§;§1§;§86430§;§2000+§;§170760§;§2000+§;;;;;;§CALL§;§86430§;§0§;§0-10§;§257190§;§2000+§;§0.4-0.6§
§48§;§preflop§;§7§;§7§;§uuid-1§;§2§;§13980§;§1300-1400§;§257190§;§2000+§;;;;;;§CALL§;§13980§;§0§;§0-10§;§271170§;§2000+§;§0.0-0.2§
§48§;§preflop§;§8§;§8§;§uuid-2§;§3§;§230§;§20-30§;§271170§;§2000+§;;;;;;§CALL§;§230§;§0§;§0-10§;§271400§;§2000+§;§0.0-0.2§
§49§;§preflop§;§0§;§0§;§uuid-1§;§1§;§4000§;§400-450§;§0§;§0-10§;;;;;;§SMALLBLIND§;§10§;§3990§;§350-400§;§10§;§0-10§;§-1§
§49§;§preflop§;§1§;§1§;§uuid-2§;§2§;§2000§;§200-250§;§10§;§0-10§;;;;;;§BIGBLIND§;§20§;§1980§;§190-200§;§30§;§0-10§;§-1§
§49§;§preflop§;§2§;§2§;§uuid-3§;§3§;§421760§;§2000+§;§30§;§0-10§;;;;;;§RAISE§;§177780§;§243980§;§2000+§;§177810§;§2000+§;§4+§
§49§;§preflop§;§3§;§3§;§uuid-4§;§4§;§1860§;§180-190§;§177810§;§2000+§;;;;;;§CALL§;§1860§;§0§;§0-10§;§179670§;§2000+§;§0.0-0.2§
§49§;§preflop§;§4§;§4§;§uuid-5§;§5§;§47500§;§2000+§;§179670§;§2000+§;;;;;;§CALL§;§47500§;§0§;§0-10§;§227170§;§2000+§;§0.2-0.4§
§49§;§preflop§;§5§;§5§;§uuid-0§;§0§;§188880§;§2000+§;§227170§;§2000+§;;;;;;§FOLD§;§0§;§188880§;§2000+§;§227170§;§2000+§;§-1§
§49§;§preflop§;§6§;§6§;§uuid-1§;§1§;§3990§;§350-400§;§227170§;§2000+§;;;;;;§CALL§;§3990§;§0§;§0-10§;§231160§;§2000+§;§0.0-0.2§
§49§;§preflop§;§7§;§7§;§uuid-2§;§2§;§1980§;§190-200§;§231160§;§2000+§;;;;;;§CALL§;§1980§;§0§;§0-10§;§233140§;§2000+§;§0.0-0.2§
§50§;§preflop§;§0§;§0§;§uuid-2§;§1§;§20000§;§2000+§;§0§;§0-10§;;;;;;§SMALLBLIND§;§10§;§19990§;§1900-2000§;§10§;§0-10§;§-1§
§50§;§preflop§;§1§;§1§;§uuid-3§;§2§;§477120§;§2000+§;§10§;§0-10§;;;;;;§BIGBLIND§;§20§;§477100§;§2000+§;§30§;§0-10§;§-1§
§50§;§preflop§;§2§;§2§;§uuid-4§;§3§;§6000§;§600-650§;§30§;§0-10§;;;;;;§RAISE§;§4500§;§1500§;§150-160§;§4530§;§450-500§;§4+§
§50§;§preflop§;§3§;§3§;§uuid-5§;§4§;§8000§;§800-850§;§4530§;§450-500§;;;;;;§CALL§;§4500§;§3500§;§350-400§;§9030§;§900-950§;§0.8-1.0§
§50§;§preflop§;§4§;§4§;§uuid-0§;§5§;§188880§;§2000+§;§9030§;§900-950§;;;;;;§RAISE§;§71840§;§117040§;§2000+§;§80870§;§2000+§;§4+§
§50§;§preflop§;§5§;§5§;§uuid-1§;§0§;§14000§;§1400-1500§;§80870§;§2000+§;;;;;;§CALL§;§14000§;§0§;§0-10§;§94870§;§2000+§;§0.0-0.2§
§50§;§preflop§;§6§;§6§;§uuid-2§;§1§;§19990§;§1900-2000§;§94870§;§2000+§;;;;;;§FOLD§;§0§;§19990§;§1900-2000§;§94870§;§2000+§;§-1§
§50§;§preflop§;§7§;§7§;§uuid-3§;§2§;§477100§;§2000+§;§94870§;§2000+§;;;;;;§CALL§;§71820§;§405280§;§2000+§;§166690§;§2000+§;§0.6-0.8§
§50§;§preflop§;§8§;§8§;§uuid-4§;§3§;§1500§;§150-160§;§166690§;§2000+§;;;;;;§FOLD§;§0§;§1500§;§150-160§;§166690§;§2000+§;§-1§
§50§;§preflop§;§9§;§9§;§uuid-5§;§4§;§3500§;§350-400§;§166690§;§2000+§;;;;;;§CALL§;§3500§;§0§;§0-10§;§170190§;§2000+§;§0.0-0.2§
§50§;§flop§;§0§;§10§;§uuid-3§;§2§;§405280§;§2000+§;§170190§;§2000+§;§CA§;§H5§;§H6§;;;§RAISE§;§269100§;§136180§;§2000+§;§439290§;§2000+§;§1.4-1.6§
§50§;§flop§;§1§;§11§;§uuid-0§;§5§;§117040§;§2000+§;§439290§;§2000+§;§CA§;§H5§;§H6§;;;§CALL§;§117040§;§0§;§0-10§;§556330§;§2000+§;§0.2-0.4§
